timestamp,dd,dsd,ff,ffs,fsd,gff,gffs,Sav1H,Sax1H,Sax3H,Sax6H,Sx1H,Sx3H,Sx6H
2026-02-12 13:20:00+00:00,255.2,7.1,5.43841,5.75,0.26,6.20722,6.49,5.91289,6.28018,7.95426,7.95426,7.35493,9.69818,9.69818
2026-02-12 13:30:00+00:00,251.1,4.7,5.61811,5.94,0.2,6.22635,6.51,5.85456,6.28018,7.95426,7.95426,7.35493,9.69818,9.69818
2026-02-12 13:40:00+00:00,249.0,4.9,5.55191,5.87,0.33,6.58023,6.88,5.79939,6.28018,7.95426,7.95426,7.35493,9.69818,9.69818
2026-02-12 13:50:00+00:00,245.8,6.5,5.58974,5.91,0.53,7.21147,7.54,5.75052,6.28018,7.95426,7.95426,7.3358,9.69818,9.69818
2026-02-12 14:00:00+00:00,250.4,5.6,6.28018,6.64,0.55,7.50796,7.85,5.75052,6.28018,7.95426,7.95426,7.50796,9.69818,9.69818
2026-02-12 14:10:00+00:00,259.1,5.5,7.11249,7.52,0.45,8.32093,8.7,5.93181,7.11249,7.95426,7.95426,8.32093,9.69818,9.69818
2026-02-12 14:20:00+00:00,261.2,4.2,7.34894,7.77,0.41,8.61742,9.01,6.25023,7.34894,7.95426,7.95426,8.61742,9.69818,9.69818
2026-02-12 14:30:00+00:00,263.5,3.6,8.20963,8.68,0.59,10.0329,10.49,6.68215,8.20963,8.20963,8.20963,10.0329,10.0329,10.0329
2026-02-12 14:40:00+00:00,266.1,2.8,9.00411,9.52,0.49,10.4538,10.93,7.25752,9.00411,9.00411,9.00411,10.4538,10.4538,10.4538
2026-02-12 14:50:00+00:00,269.0,3.8,9.0514,9.57,0.61,11.1615,11.67,7.83446,9.0514,9.0514,9.0514,11.1615,11.1615,11.1615
2026-02-12 15:00:00+00:00,268.3,3.6,9.82697,10.39,0.66,11.4198,11.94,8.42559,9.82697,9.82697,9.82697,11.4198,11.4198,11.4198
2026-02-12 15:10:00+00:00,269.3,4.8,9.53377,10.08,0.61,11.2763,11.79,8.82914,9.82697,9.82697,9.82697,11.4198,11.4198,11.4198
2026-02-12 15:20:00+00:00,268.1,3.4,9.12707,9.65,0.57,11.1806,11.69,9.12549,9.82697,9.82697,9.82697,11.4198,11.4198,11.4198
2026-02-12 15:30:00+00:00,273.7,5.1,9.33514,9.87,1.01,12.1084,12.66,9.31308,9.82697,9.82697,9.82697,12.1084,12.1084,12.1084
2026-02-12 15:40:00+00:00,271.7,3.6,10.0634,10.64,0.55,11.7545,12.29,9.48963,10.0634,10.0634,10.0634,12.1084,12.1084,12.1084
2026-02-12 15:50:00+00:00,275.7,3.8,9.69455,10.25,0.57,11.5154,12.04,9.59682,10.0634,10.0634,10.0634,12.1084,12.1084,12.1084
2026-02-12 16:00:00+00:00,269.4,3.9,9.94046,10.51,0.7,11.8119,12.35,9.61574,10.0634,10.0634,10.0634,12.1084,12.1084,12.1084
2026-02-12 16:10:00+00:00,270.2,3.9,9.00411,9.52,0.47,10.6642,11.15,9.52746,10.0634,10.0634,10.0634,12.1084,12.1084,12.1084
2026-02-12 16:20:00+00:00,272.2,4.3,9.67564,10.23,0.68,11.8501,12.39,9.61889,10.0634,10.0634,10.0634,12.1084,12.1084,12.1084
2026-02-12 16:30:00+00:00,275.0,3.7,8.9852,9.5,0.78,11.2763,11.79,9.56056,10.0634,10.0634,10.0634,11.8501,12.1084,12.1084
2026-02-12 16:40:00+00:00,273.8,4.1,8.1718,8.64,0.59,9.80339,10.25,9.24529,9.94046,10.0634,10.0634,11.8501,12.1084,12.1084
2026-02-12 16:50:00+00:00,274.2,3.6,8.44608,8.93,0.57,11.0659,11.57,9.03722,9.94046,10.0634,10.0634,11.8501,12.1084,12.1084
2026-02-12 17:00:00+00:00,275.1,3.5,8.89061,9.4,0.72,11.2189,11.73,8.86224,9.67564,10.0634,10.0634,11.8501,12.1084,12.1084
2026-02-12 17:10:00+00:00,276.2,3.1,8.67308,9.17,0.57,10.2147,10.68,8.80707,9.67564,10.0634,10.0634,11.8501,12.1084,12.1084
2026-02-12 17:20:00+00:00,277.7,3.3,8.50283,8.99,0.49,10.119,10.58,8.6116,8.9852,10.0634,10.0634,11.2763,12.1084,12.1084
2026-02-12 17:30:00+00:00,279.5,3.6,9.08923,9.61,0.76,11.2189,11.73,8.62894,9.08923,10.0634,10.0634,11.2189,12.1084,12.1084
2026-02-12 17:40:00+00:00,284.0,3.2,9.4581,10.0,0.53,10.8842,11.38,8.84332,9.4581,10.0634,10.0634,11.2189,12.1084,12.1084
2026-02-12 17:50:00+00:00,283.8,3.8,9.42027,9.96,0.61,10.9033,11.4,9.00569,9.4581,10.0634,10.0634,11.2189,12.1084,12.1084
2026-02-12 18:00:00+00:00,285.5,3.8,10.1958,10.78,0.72,12.3284,12.89,9.22322,10.1958,10.1958,10.1958,12.3284,12.3284,12.3284
2026-02-12 18:10:00+00:00,285.4,2.9,10.3945,10.99,0.59,11.7354,12.27,9.51012,10.3945,10.3945,10.3945,12.3284,12.3284,12.3284
2026-02-12 18:20:00+00:00,287.9,6.9,9.14598,9.67,0.88,11.3815,11.9,9.61731,10.3945,10.3945,10.3945,12.3284,12.3284,12.3284
2026-02-12 18:30:00+00:00,303.9,3.4,6.70579,7.09,0.49,8.3018,8.68,9.22007,10.3945,10.3945,10.3945,12.3284,12.3284,12.3284
2026-02-12 18:40:00+00:00,305.7,3.1,6.41259,6.78,0.41,7.4697,7.81,8.71249,10.3945,10.3945,10.3945,12.3284,12.3284,12.3284
2026-02-12 18:50:00+00:00,305.0,3.5,6.41259,6.78,0.41,7.6323,7.98,8.21121,10.3945,10.3945,10.3945,12.3284,12.3284,12.3284
2026-02-12 19:00:00+00:00,305.9,3.4,6.63013,7.01,0.37,7.50796,7.85,7.61692,10.3945,10.3945,10.3945,11.7354,12.3284,12.3284
2026-02-12 19:10:00+00:00,316.9,5.5,6.35584,6.72,0.39,7.3358,7.67,6.94382,9.14598,10.3945,10.3945,11.3815,12.3284,12.3284
2026-02-12 19:20:00+00:00,326.1,4.8,6.19506,6.55,0.43,7.2306,7.56,6.452,6.70579,10.3945,10.3945,8.3018,12.3284,12.3284
2026-02-12 19:30:00+00:00,330.2,4.0,6.37476,6.74,0.35,7.2306,7.56,6.39683,6.63013,10.3945,10.3945,7.6323,12.3284,12.3284
2026-02-12 19:40:00+00:00,331.1,3.8,6.48826,6.86,0.39,7.4697,7.81,6.40944,6.63013,10.3945,10.3945,7.6323,12.3284,12.3284
2026-02-12 19:50:00+00:00,335.5,5.1,6.33693,6.7,0.39,7.29755,7.63,6.39683,6.63013,10.3945,10.3945,7.50796,12.3284,12.3284
2026-02-12 20:00:00+00:00,340.2,3.6,6.35584,6.72,0.49,7.54622,7.89,6.35111,6.48826,10.3945,10.3945,7.54622,12.3284,12.3284
2026-02-12 20:10:00+00:00,334.2,2.9,5.86402,6.2,0.37,6.94367,7.26,6.26914,6.48826,10.3945,10.3945,7.54622,12.3284,12.3284
2026-02-12 20:20:00+00:00,338.4,6.1,6.24235,6.6,0.51,7.50796,7.85,6.27703,6.48826,10.3945,10.3945,7.54622,12.3284,12.3284
2026-02-12 20:30:00+00:00,345.8,3.5,6.24235,6.6,0.49,7.27842,7.61,6.25496,6.48826,10.3945,10.3945,7.54622,12.3284,12.3284
2026-02-12 20:40:00+00:00,348.2,5.3,6.28018,6.64,0.35,7.2306,7.56,6.22028,6.35584,10.3945,10.3945,7.54622,12.3284,12.3284
2026-02-12 20:50:00+00:00,351.4,3.5,6.28018,6.64,0.57,7.41232,7.75,6.21082,6.35584,10.3945,10.3945,7.54622,12.3284,12.3284
2026-02-12 21:00:00+00:00,357.8,4.3,6.66796,7.05,0.51,7.78533,8.14,6.26284,6.66796,10.3945,10.3945,7.78533,12.3284,12.3284
2026-02-12 21:10:00+00:00,0.7,3.9,6.68688,7.07,0.47,7.80445,8.16,6.39998,6.68688,10.3945,10.3945,7.80445,11.7354,12.3284
2026-02-12 21:20:00+00:00,3.7,3.1,6.68688,7.07,0.43,7.80445,8.16,6.47407,6.68688,9.14598,10.3945,7.80445,11.3815,12.3284
2026-02-12 21:30:00+00:00,3.0,3.8,6.5923,6.97,0.43,7.59404,7.94,6.53239,6.68688,6.70579,10.3945,7.80445,8.3018,12.3284
2026-02-12 21:40:00+00:00,5.4,4.2,6.70579,7.09,0.43,8.06269,8.43,6.60333,6.70579,6.70579,10.3945,8.06269,8.06269,12.3284
2026-02-12 21:50:00+00:00,0.6,4.8,6.64904,7.03,0.45,7.68968,8.04,6.66481,6.70579,6.70579,10.3945,8.06269,8.06269,12.3284
2026-02-12 22:00:00+00:00,4.1,3.8,7.13141,7.54,0.59,8.35918,8.74,6.74205,7.13141,7.13141,10.3945,8.35918,8.35918,12.3284
2026-02-12 22:10:00+00:00,359.8,3.9,7.01791,7.42,0.55,8.02443,8.39,6.79722,7.13141,7.13141,10.3945,8.35918,8.35918,12.3284
2026-02-12 22:20:00+00:00,2.2,4.3,6.80037,7.19,0.59,8.37831,8.76,6.81614,7.13141,7.13141,10.3945,8.37831,8.37831,12.3284
2026-02-12 22:30:00+00:00,4.1,4.7,7.03683,7.44,0.59,8.35918,8.74,6.89023,7.13141,7.13141,10.3945,8.37831,8.37831,12.3284
2026-02-12 22:40:00+00:00,0.6,4.8,6.92333,7.32,0.51,8.17746,8.55,6.92648,7.13141,7.13141,10.3945,8.37831,8.37831,12.3284
2026-02-12 22:50:00+00:00,5.5,4.1,6.92333,7.32,0.66,8.26354,8.64,6.9722,7.13141,7.13141,10.3945,8.37831,8.37831,12.3284
2026-02-12 23:00:00+00:00,3.0,4.8,7.46244,7.89,0.47,8.59829,8.99,7.02737,7.46244,7.46244,10.3945,8.59829,8.59829,12.3284
2026-02-12 23:10:00+00:00,3.4,4.5,7.09358,7.5,0.57,8.41657,8.8,7.03998,7.46244,7.46244,10.3945,8.59829,8.59829,12.3284
2026-02-12 23:20:00+00:00,7.1,4.6,7.11249,7.52,0.51,8.24441,8.62,7.092,7.46244,7.46244,10.3945,8.59829,8.59829,12.3284
2026-02-12 23:30:00+00:00,10.5,3.0,6.96116,7.36,0.39,7.94792,8.31,7.07939,7.46244,7.46244,10.3945,8.59829,8.59829,12.3284
2026-02-12 23:40:00+00:00,11.9,4.2,6.46934,6.84,0.43,7.52709,7.87,7.00372,7.46244,7.46244,10.3945,8.59829,8.59829,12.3284
2026-02-12 23:50:00+00:00,7.6,4.7,6.31801,6.68,0.45,7.35493,7.69,6.90284,7.46244,7.46244,10.3945,8.59829,8.59829,12.3284
2026-02-13 00:00:00+00:00,3.7,4.2,6.81929,7.21,0.49,8.10095,8.47,6.79565,7.11249,7.46244,10.3945,8.41657,8.59829,12.3284
2026-02-13 00:10:00+00:00,5.0,4.7,7.03683,7.44,0.51,8.20615,8.58,6.78619,7.11249,7.46244,10.3945,8.24441,8.59829,11.7354
2026-02-13 00:20:00+00:00,359.2,4.8,6.74363,7.13,0.63,8.28267,8.66,6.72471,7.03683,7.46244,9.14598,8.28267,8.59829,11.3815
2026-02-13 00:30:00+00:00,357.7,3.2,7.05574,7.46,0.53,8.24441,8.62,6.74047,7.05574,7.46244,7.46244,8.28267,8.59829,8.59829
2026-02-13 00:40:00+00:00,1.4,4.6,6.83821,7.23,0.41,7.92879,8.29,6.80195,7.05574,7.46244,7.46244,8.28267,8.59829,8.59829
2026-02-13 00:50:00+00:00,4.1,3.9,6.19506,6.55,0.49,7.41232,7.75,6.78146,7.05574,7.46244,7.46244,8.28267,8.59829,8.59829
2026-02-13 01:00:00+00:00,10.6,4.7,6.15722,6.51,0.41,7.19234,7.52,6.67111,7.05574,7.46244,7.46244,8.28267,8.59829,8.59829
2026-02-13 01:10:00+00:00,18.0,5.9,5.90185,6.24,0.53,7.6323,7.98,6.48195,7.05574,7.46244,7.46244,8.28267,8.59829,8.59829
2026-02-13 01:20:00+00:00,9.9,6.7,5.57082,5.89,0.41,6.64718,6.95,6.28648,7.05574,7.46244,7.46244,8.24441,8.59829,8.59829
2026-02-13 01:30:00+00:00,4.9,6.9,5.03171,5.32,0.49,6.48458,6.78,5.94915,6.83821,7.46244,7.46244,7.92879,8.59829,8.59829
2026-02-13 01:40:00+00:00,0.1,4.8,6.02481,6.37,0.47,7.2306,7.56,5.81358,6.19506,7.46244,7.46244,7.6323,8.59829,8.59829
2026-02-13 01:50:00+00:00,2.8,4.8,5.73161,6.06,0.43,6.8002,7.11,5.73634,6.15722,7.46244,7.46244,7.6323,8.59829,8.59829
2026-02-13 02:00:00+00:00,13.2,6.9,5.51407,5.83,0.47,6.78108,7.09,5.62915,6.02481,7.46244,7.46244,7.6323,8.59829,8.59829
2026-02-13 02:10:00+00:00,13.2,5.7,5.12629,5.42,0.39,6.07332,6.35,5.49989,6.02481,7.11249,7.46244,7.2306,8.41657,8.59829
2026-02-13 02:20:00+00:00,19.3,7.7,5.34383,5.65,0.45,6.58023,6.88,5.46205,6.02481,7.11249,7.46244,7.2306,8.28267,8.59829
2026-02-13 02:30:00+00:00,22.5,5.3,5.63703,5.96,0.35,6.48458,6.78,5.56294,6.02481,7.05574,7.46244,7.2306,8.28267,8.59829
2026-02-13 02:40:00+00:00,27.8,5.7,5.47624,5.79,0.39,6.44633,6.74,5.47151,5.73161,7.05574,7.46244,6.8002,8.28267,8.59829
2026-02-13 02:50:00+00:00,28.9,5.0,5.27762,5.58,0.47,6.31243,6.6,5.39585,5.63703,7.05574,7.46244,6.78108,8.28267,8.59829
2026-02-13 03:00:00+00:00,28.2,4.9,5.06954,5.36,0.39,6.01593,6.29,5.32176,5.63703,7.05574,7.46244,6.58023,8.28267,8.59829
2026-02-13 03:10:00+00:00,29.3,5.5,4.79526,5.07,0.43,5.65249,5.91,5.26659,5.63703,7.05574,7.46244,6.58023,8.28267,8.59829
2026-02-13 03:20:00+00:00,27.2,5.8,4.50206,4.76,0.49,5.77683,6.04,5.12629,5.63703,7.05574,7.46244,6.48458,8.28267,8.59829
2026-02-13 03:30:00+00:00,23.7,7.4,4.57772,4.84,0.43,5.44208,5.69,4.94974,5.47624,7.05574,7.46244,6.44633,8.24441,8.59829
2026-02-13 03:40:00+00:00,26.4,5.2,4.83309,5.11,0.39,6.03506,6.31,4.84255,5.27762,6.83821,7.46244,6.31243,7.92879,8.59829
2026-02-13 03:50:00+00:00,24.4,6.3,4.30344,4.55,0.39,5.29861,5.54,4.68018,5.06954,6.19506,7.46244,6.03506,7.6323,8.59829
2026-02-13 04:00:00+00:00,18.8,6.1,4.73851,5.01,0.33,5.55685,5.81,4.62501,4.83309,6.15722,7.46244,6.03506,7.6323,8.59829
2026-02-13 04:10:00+00:00,29.2,5.8,4.53989,4.8,0.33,5.29861,5.54,4.58245,4.83309,6.02481,7.46244,6.03506,7.6323,8.59829
2026-02-13 04:20:00+00:00,29.9,6.3,4.46422,4.72,0.3,5.27948,5.52,4.57614,4.83309,6.02481,7.46244,6.03506,7.2306,8.59829
2026-02-13 04:30:00+00:00,25.5,7.1,4.05753,4.29,0.41,5.00212,5.23,4.48945,4.83309,6.02481,7.46244,6.03506,7.2306,8.59829
2026-02-13 04:40:00+00:00,21.4,6.5,4.11427,4.35,0.28,4.84909,5.07,4.36964,4.73851,6.02481,7.46244,5.55685,7.2306,8.59829
2026-02-13 04:50:00+00:00,27.9,7.3,4.2656,4.51,0.26,5.00212,5.23,4.36334,4.73851,5.73161,7.46244,5.55685,6.8002,8.59829
2026-02-13 05:00:00+00:00,36.2,5.0,4.63447,4.9,0.45,5.79596,6.06,4.346,4.63447,5.63703,7.46244,5.79596,6.78108,8.59829
2026-02-13 05:10:00+00:00,40.3,5.3,5.45732,5.77,0.55,6.64718,6.95,4.4989,5.45732,5.63703,7.11249,6.64718,6.64718,8.41657
2026-02-13 05:20:00+00:00,35.3,4.2,5.78836,6.12,0.35,6.74282,7.05,4.71959,5.78836,5.78836,7.11249,6.74282,6.74282,8.28267
2026-02-13 05:30:00+00:00,34.3,3.7,5.57082,5.89,0.43,6.50371,6.8,4.97181,5.78836,5.78836,7.05574,6.74282,6.74282,8.28267
2026-02-13 05:40:00+00:00,35.4,5.1,4.70068,4.97,0.57,5.96811,6.24,5.06954,5.78836,5.78836,7.05574,6.74282,6.74282,8.28267
2026-02-13 05:50:00+00:00,36.0,4.4,4.90875,5.19,0.35,5.77683,6.04,5.17673,5.78836,5.78836,7.05574,6.74282,6.74282,8.28267
2026-02-13 06:00:00+00:00,38.8,5.4,5.2587,5.56,0.37,6.24548,6.53,5.28077,5.78836,5.78836,7.05574,6.74282,6.74282,8.28267
2026-02-13 06:10:00+00:00,41.1,4.3,5.57082,5.89,0.33,6.6663,6.97,5.29969,5.78836,5.78836,7.05574,6.74282,6.74282,8.28267
2026-02-13 06:20:00+00:00,44.0,6.2,5.38166,5.69,0.74,6.54197,6.84,5.23191,5.57082,5.78836,7.05574,6.6663,6.74282,8.28267
2026-02-13 06:30:00+00:00,48.6,6.5,4.88984,5.17,0.37,5.71944,5.98,5.11841,5.57082,5.78836,7.05574,6.6663,6.74282,8.24441
2026-02-13 06:40:00+00:00,52.0,5.5,4.57772,4.84,0.26,5.38469,5.63,5.09792,5.57082,5.78836,6.83821,6.6663,6.74282,7.92879
2026-02-13 06:50:00+00:00,53.8,4.8,4.63447,4.9,0.37,5.55685,5.81,5.0522,5.57082,5.78836,6.19506,6.6663,6.74282,7.6323
2026-02-13 07:00:00+00:00,51.9,4.5,4.90875,5.19,0.39,5.96811,6.24,4.99388,5.57082,5.78836,6.15722,6.6663,6.74282,7.6323
2026-02-13 07:10:00+00:00,55.4,5.3,4.83309,5.11,0.33,5.68118,5.94,4.87092,5.38166,5.78836,6.02481,6.54197,6.74282,7.6323
2026-02-13 07:20:00+00:00,55.2,5.1,5.10737,5.4,0.37,6.1307,6.41,4.82521,5.10737,5.78836,6.02481,6.1307,6.74282,7.2306
2026-02-13 07:30:00+00:00,53.8,6.4,4.94659,5.23,0.33,5.81508,6.08,4.83467,5.10737,5.78836,6.02481,6.1307,6.74282,7.2306
2026-02-13 07:40:00+00:00,57.2,5.5,5.10737,5.4,0.43,6.24548,6.53,4.92294,5.10737,5.78836,6.02481,6.24548,6.74282,7.2306
2026-02-13 07:50:00+00:00,58.5,5.6,5.20196,5.5,0.47,6.24548,6.53,5.01752,5.20196,5.78836,5.78836,6.24548,6.74282,6.8002
2026-02-13 08:00:00+00:00,59.8,5.3,5.14521,5.44,0.57,6.38894,6.68,5.05693,5.20196,5.78836,5.78836,6.38894,6.74282,6.78108
2026-02-13 08:10:00+00:00,54.8,6.2,5.41949,5.73,0.45,6.72369,7.03,5.15466,5.41949,5.78836,5.78836,6.72369,6.74282,6.74282
2026-02-13 08:20:00+00:00,53.1,7.2,5.88294,6.22,0.53,7.52709,7.87,5.28393,5.88294,5.88294,5.88294,7.52709,7.52709,7.52709
2026-02-13 08:30:00+00:00,55.6,5.8,6.24235,6.6,0.51,7.59404,7.94,5.49989,6.24235,6.24235,6.24235,7.59404,7.59404,7.59404
2026-02-13 08:40:00+00:00,56.5,5.6,5.55191,5.87,0.51,6.64718,6.95,5.57397,6.24235,6.24235,6.24235,7.59404,7.59404,7.59404
2026-02-13 08:50:00+00:00,57.0,4.9,5.88294,6.22,0.41,7.00105,7.32,5.68747,6.24235,6.24235,6.24235,7.59404,7.59404,7.59404
2026-02-13 09:00:00+00:00,56.0,6.0,5.88294,6.22,0.49,7.0967,7.42,5.81043,6.24235,6.24235,6.24235,7.59404,7.59404,7.59404
2026-02-13 09:10:00+00:00,55.9,5.8,5.98698,6.33,0.49,7.17321,7.5,5.90501,6.24235,6.24235,6.24235,7.59404,7.59404,7.59404
2026-02-13 09:20:00+00:00,61.8,4.6,6.33693,6.7,0.53,7.65143,8.0,5.98067,6.33693,6.33693,6.33693,7.65143,7.65143,7.65143
2026-02-13 09:30:00+00:00,67.5,6.8,6.06264,6.41,0.39,7.0967,7.42,5.95072,6.33693,6.33693,6.33693,7.65143,7.65143,7.65143
2026-02-13 09:40:00+00:00,62.3,7.8,6.11939,6.47,0.59,7.41232,7.75,6.0453,6.33693,6.33693,6.33693,7.65143,7.65143,7.65143
2026-02-13 09:50:00+00:00,54.9,5.0,6.33693,6.7,0.51,7.7662,8.12,6.12097,6.33693,6.33693,6.33693,7.7662,7.7662,7.7662
2026-02-13 10:00:00+00:00,56.4,5.2,6.31801,6.68,0.33,7.13495,7.46,6.19348,6.33693,6.33693,6.33693,7.7662,7.7662,7.7662
2026-02-13 10:10:00+00:00,59.8,4.6,6.33693,6.7,0.33,7.25929,7.59,6.2518,6.33693,6.33693,6.33693,7.7662,7.7662,7.7662
2026-02-13 10:20:00+00:00,58.7,6.3,5.90185,6.24,0.57,7.21147,7.54,6.17929,6.33693,6.33693,6.33693,7.7662,7.7662,7.7662
2026-02-13 10:30:00+00:00,57.7,4.8,6.45042,6.82,0.55,7.89053,8.25,6.24392,6.45042,6.45042,6.45042,7.89053,7.89053,7.89053
2026-02-13 10:40:00+00:00,56.5,4.5,6.10047,6.45,0.39,7.02018,7.34,6.24077,6.45042,6.45042,6.45042,7.89053,7.89053,7.89053
2026-02-13 10:50:00+00:00,57.7,5.0,6.08156,6.43,0.49,7.35493,7.69,6.19821,6.45042,6.45042,6.45042,7.89053,7.89053,7.89053
2026-02-13 11:00:00+00:00,55.4,5.1,6.68688,7.07,0.49,7.94792,8.31,6.25969,6.68688,6.68688,6.68688,7.94792,7.94792,7.94792
2026-02-13 11:10:00+00:00,58.8,4.8,6.57338,6.95,0.51,7.7662,8.12,6.2991,6.68688,6.68688,6.68688,7.94792,7.94792,7.94792
2026-02-13 11:20:00+00:00,59.2,5.5,6.70579,7.09,0.59,7.94792,8.31,6.43308,6.70579,6.70579,6.70579,7.94792,7.94792,7.94792
2026-02-13 11:30:00+00:00,60.2,6.4,7.13141,7.54,0.61,8.71306,9.11,6.54658,7.13141,7.13141,7.13141,8.71306,8.71306,8.71306
2026-02-13 11:40:00+00:00,59.8,5.9,7.2922,7.71,0.59,9.08607,9.5,6.7452,7.2922,7.2922,7.2922,9.08607,9.08607,9.08607
2026-02-13 11:50:00+00:00,59.7,5.2,7.1787,7.59,0.88,9.26779,9.69,6.92806,7.2922,7.2922,7.2922,9.26779,9.26779,9.26779
2026-02-13 12:00:00+00:00,57.4,5.1,7.15032,7.56,0.63,8.47395,8.86,7.0053,7.2922,7.2922,7.2922,9.26779,9.26779,9.26779
2026-02-13 12:10:00+00:00,61.2,5.4,6.96116,7.36,0.59,8.52178,8.91,7.06993,7.2922,7.2922,7.2922,9.26779,9.26779,9.26779
2026-02-13 12:20:00+00:00,59.5,4.6,6.96116,7.36,0.78,8.75132,9.15,7.11249,7.2922,7.2922,7.2922,9.26779,9.26779,9.26779
2026-02-13 12:30:00+00:00,56.9,5.8,7.34894,7.77,0.61,8.6748,9.07,7.14875,7.34894,7.34894,7.34894,9.26779,9.26779,9.26779
2026-02-13 12:40:00+00:00,59.3,5.6,6.96116,7.36,0.49,8.24441,8.62,7.09358,7.34894,7.34894,7.34894,9.26779,9.26779,9.26779
2026-02-13 12:50:00+00:00,63.6,5.8,7.38678,7.81,0.59,9.06694,9.48,7.12825,7.38678,7.38678,7.38678,9.06694,9.26779,9.26779
2026-02-13 13:00:00+00:00,62.7,5.1,8.24746,8.72,0.55,9.99467,10.45,7.31111,8.24746,8.24746,8.24746,9.99467,9.99467,9.99467
2026-02-13 13:10:00+00:00,60.7,4.4,8.13397,8.6,0.63,9.65993,10.1,7.50658,8.24746,8.24746,8.24746,9.99467,9.99467,9.99467
2026-02-13 13:20:00+00:00,59.6,4.0,8.15288,8.62,0.66,9.60254,10.04,7.7052,8.24746,8.24746,8.24746,9.99467,9.99467,9.99467
2026-02-13 13:30:00+00:00,62.3,4.7,7.73673,8.18,0.9,9.48777,9.92,7.76983,8.24746,8.24746,8.24746,9.99467,9.99467,9.99467
2026-02-13 13:40:00+00:00,60.1,4.4,8.26638,8.74,0.66,9.67905,10.12,7.98737,8.26638,8.26638,8.26638,9.99467,9.99467,9.99467
2026-02-13 13:50:00+00:00,61.9,6.8,7.5854,8.02,0.61,9.30605,9.73,8.02047,8.26638,8.26638,8.26638,9.99467,9.99467,9.99467
2026-02-13 14:00:00+00:00,60.2,5.2,7.5854,8.02,0.8,9.67905,10.12,7.91012,8.26638,8.26638,8.26638,9.67905,9.99467,9.99467
2026-02-13 14:10:00+00:00,58.1,3.9,8.2853,8.76,0.66,9.91816,10.37,7.93535,8.2853,8.2853,8.2853,9.91816,9.99467,9.99467
2026-02-13 14:20:00+00:00,63.1,6.7,7.1787,7.59,0.76,8.8087,9.21,7.77298,8.2853,8.2853,8.2853,9.91816,9.99467,9.99467
2026-02-13 14:30:00+00:00,68.9,8.4,6.90441,7.3,0.7,8.52178,8.91,7.63426,8.2853,8.2853,8.2853,9.91816,9.99467,9.99467
2026-02-13 14:40:00+00:00,59.9,5.0,7.91643,8.37,0.61,9.40169,9.83,7.57594,8.2853,8.2853,8.2853,9.91816,9.99467,9.99467
2026-02-13 14:50:00+00:00,61.3,5.7,7.89751,8.35,0.57,9.3443,9.77,7.62796,8.2853,8.2853,8.2853,9.91816,9.99467,9.99467
2026-02-13 15:00:00+00:00,57.6,5.3,7.99209,8.45,0.74,9.6408,10.08,7.69574,8.2853,8.2853,8.2853,9.91816,9.99467,9.99467
2026-02-13 15:10:00+00:00,56.7,4.5,8.65416,9.15,0.86,10.7024,11.19,7.75722,8.65416,8.65416,8.65416,10.7024,10.7024,10.7024
2026-02-13 15:20:00+00:00,56.7,4.5,9.20273,9.73,0.7,11.0467,11.55,8.09456,9.20273,9.20273,9.20273,11.0467,11.0467,11.0467
2026-02-13 15:30:00+00:00,56.7,4.5,9.51485,10.06,0.68,11.1998,11.71,8.52963,9.51485,9.51485,9.51485,11.1998,11.1998,11.1998
2026-02-13 15:40:00+00:00,59.2,4.8,9.42027,9.96,0.76,11.085,11.59,8.78027,9.51485,9.51485,9.51485,11.1998,11.1998,11.1998
2026-02-13 15:50:00+00:00,57.8,5.2,9.29731,9.83,0.72,11.3815,11.9,9.01357,9.51485,9.51485,9.51485,11.3815,11.3815,11.3815
2026-02-13 16:00:00+00:00,58.9,4.5,9.62835,10.18,0.63,11.5728,12.1,9.28628,9.62835,9.62835,9.62835,11.5728,11.5728,11.5728
2026-02-13 16:10:00+00:00,62.4,5.1,9.8648,10.43,0.7,11.611,12.14,9.48805,9.8648,9.8648,9.8648,11.611,11.611,11.611
2026-02-13 16:20:00+00:00,61.5,5.2,9.53377,10.08,0.76,11.2189,11.73,9.54322,9.8648,9.8648,9.8648,11.611,11.611,11.611
2026-02-13 16:30:00+00:00,61.1,5.3,9.36352,9.9,0.8,11.5537,12.08,9.518,9.8648,9.8648,9.8648,11.611,11.611,11.611
2026-02-13 16:40:00+00:00,61.9,5.6,8.89061,9.4,1.09,11.9267,12.47,9.42973,9.8648,9.8648,9.8648,11.9267,11.9267,11.9267
2026-02-13 16:50:00+00:00,63.5,5.5,8.69199,9.19,0.88,11.0181,11.52,9.32884,9.8648,9.8648,9.8648,11.9267,11.9267,11.9267
2026-02-13 17:00:00+00:00,64.4,5.8,8.39879,8.88,0.88,10.9989,11.5,9.12391,9.8648,9.8648,9.8648,11.9267,11.9267,11.9267
2026-02-13 17:10:00+00:00,60.8,5.5,9.07032,9.59,1.01,11.2572,11.77,8.9915,9.53377,9.8648,9.8648,11.9267,11.9267,11.9267
2026-02-13 17:20:00+00:00,58.6,5.3,9.8648,10.43,0.78,12.0893,12.64,9.04667,9.8648,9.8648,9.8648,12.0893,12.0893,12.0893
2026-02-13 17:30:00+00:00,60.5,4.3,9.36352,9.9,0.68,11.4771,12.0,9.04667,9.8648,9.8648,9.8648,12.0893,12.0893,12.0893
2026-02-13 17:40:00+00:00,63.3,4.4,9.90263,10.47,0.94,12.3284,12.89,9.21534,9.90263,9.90263,9.90263,12.3284,12.3284,12.3284
2026-02-13 17:50:00+00:00,66.3,6.0,9.67564,10.23,0.86,11.831,12.37,9.37928,9.90263,9.90263,9.90263,12.3284,12.3284,12.3284
2026-02-13 18:00:00+00:00,72.7,6.6,11.0754,11.71,1.05,14.4899,15.15,9.82539,11.0754,11.0754,11.0754,14.4899,14.4899,14.4899
2026-02-13 18:10:00+00:00,73.0,6.9,11.17,11.81,1.15,14.3751,15.03,10.1753,11.17,11.17,11.17,14.4899,14.4899,14.4899
2026-02-13 18:20:00+00:00,70.4,7.5,9.84588,10.41,1.21,13.61,14.23,10.1722,11.17,11.17,11.17,14.4899,14.4899,14.4899
2026-02-13 18:30:00+00:00,71.9,5.7,9.20273,9.73,0.9,11.3815,11.9,10.1454,11.17,11.17,11.17,14.4899,14.4899,14.4899
2026-02-13 18:40:00+00:00,63.9,6.1,9.14598,9.67,1.01,11.1041,11.61,10.0193,11.17,11.17,11.17,14.4899,14.4899,14.4899
2026-02-13 18:50:00+00:00,63.1,4.8,10.1391,10.72,0.88,12.4623,13.03,10.0965,11.17,11.17,11.17,14.4899,14.4899,14.4899
2026-02-13 19:00:00+00:00,62.4,4.7,10.2999,10.89,0.92,12.7205,13.3,9.96726,11.17,11.17,11.17,14.3751,14.4899,14.4899
2026-02-13 19:10:00+00:00,63.7,4.8,9.82697,10.39,0.72,11.7354,12.27,9.74342,10.2999,11.17,11.17,13.61,14.4899,14.4899
2026-02-13 19:20:00+00:00,65.7,6.6,10.1769,10.76,1.07,13.1509,13.75,9.79859,10.2999,11.17,11.17,13.1509,14.4899,14.4899
2026-02-13 19:30:00+00:00,60.5,6.0,9.77022,10.33,0.92,12.644,13.22,9.89317,10.2999,11.17,11.17,13.1509,14.4899,14.4899
2026-02-13 19:40:00+00:00,61.4,5.1,10.2337,10.82,0.78,12.204,12.76,10.0745,10.2999,11.17,11.17,13.1509,14.4899,14.4899
2026-02-13 19:50:00+00:00,61.5,5.2,10.1391,10.72,0.86,12.0127,12.56,10.0745,10.2999,11.17,11.17,13.1509,14.4899,14.4899
2026-02-13 20:00:00+00:00,59.5,6.0,9.20273,9.73,0.84,11.7162,12.25,9.8916,10.2337,11.17,11.17,13.1509,14.4899,14.4899
2026-02-13 20:10:00+00:00,58.0,5.1,10.3945,10.99,0.8,12.6249,13.2,9.98618,10.3945,11.17,11.17,13.1509,14.4899,14.4899
2026-02-13 20:20:00+00:00,54.4,4.8,10.1958,10.78,0.86,12.1658,12.72,9.98933,10.3945,11.17,11.17,12.644,14.4899,14.4899
2026-02-13 20:30:00+00:00,51.3,5.3,10.158,10.74,0.82,12.051,12.6,10.054,10.3945,11.17,11.17,12.6249,14.4899,14.4899
2026-02-13 20:40:00+00:00,52.7,5.1,10.0823,10.66,0.92,12.4049,12.97,10.0287,10.3945,11.17,11.17,12.6249,14.4899,14.4899
2026-02-13 20:50:00+00:00,55.3,5.9,9.77022,10.33,0.88,11.9458,12.49,9.96726,10.3945,11.17,11.17,12.6249,14.4899,14.4899
2026-02-13 21:00:00+00:00,53.1,4.8,10.5836,11.19,0.92,12.6631,13.24,10.1974,10.5836,11.17,11.17,12.6631,14.4899,14.4899
2026-02-13 21:10:00+00:00,54.8,5.2,9.88371,10.45,0.99,12.4431,13.01,10.1123,10.5836,11.17,11.17,12.6631,14.3751,14.4899
2026-02-13 21:20:00+00:00,58.8,6.4,8.96628,9.48,0.78,11.1424,11.65,9.90736,10.5836,10.5836,11.17,12.6631,13.61,14.4899
2026-02-13 21:30:00+00:00,55.4,5.1,8.63525,9.13,0.72,10.2338,10.7,9.65357,10.5836,10.5836,11.17,12.6631,13.1509,14.4899
2026-02-13 21:40:00+00:00,59.6,4.8,8.39879,8.88,0.68,10.5303,11.01,9.37298,10.5836,10.5836,11.17,12.6631,13.1509,14.4899
2026-02-13 21:50:00+00:00,59.8,7.2,8.15288,8.62,0.92,10.3294,10.8,9.10342,10.5836,10.5836,11.17,12.6631,13.1509,14.4899
2026-02-13 22:00:00+00:00,59.8,4.9,8.69199,9.19,0.66,10.4155,10.89,8.78815,9.88371,10.5836,11.17,12.4431,13.1509,14.4899
2026-02-13 22:10:00+00:00,57.9,5.0,8.36096,8.84,0.8,10.6642,11.15,8.53436,8.96628,10.5836,11.17,11.1424,13.1509,14.4899
2026-02-13 22:20:00+00:00,58.2,5.3,7.8786,8.33,0.59,9.56428,10.0,8.35308,8.69199,10.5836,11.17,10.6642,13.1509,14.4899
2026-02-13 22:30:00+00:00,55.4,5.1,8.01101,8.47,0.57,9.3443,9.77,8.24904,8.69199,10.5836,11.17,10.6642,12.6631,14.4899
2026-02-13 22:40:00+00:00,49.4,6.5,6.94225,7.34,0.76,8.9713,9.38,8.00628,8.69199,10.5836,11.17,10.6642,12.6631,14.4899
2026-02-13 22:50:00+00:00,46.4,6.1,6.50717,6.88,0.68,8.91391,9.32,7.732,8.69199,10.5836,11.17,10.6642,12.6631,14.4899
2026-02-13 23:00:00+00:00,46.5,5.6,7.80293,8.25,0.63,9.5069,9.94,7.58382,8.36096,10.5836,11.17,10.6642,12.6631,14.4899
2026-02-13 23:10:00+00:00,49.8,5.7,7.67998,8.12,0.61,9.28692,9.71,7.47032,8.01101,10.5836,11.17,9.56428,12.6631,14.4899
2026-02-13 23:20:00+00:00,49.4,5.6,7.36786,7.79,0.61,8.93304,9.34,7.3852,8.01101,10.5836,11.17,9.5069,12.6631,14.4899
2026-02-13 23:30:00+00:00,45.0,5.3,7.54756,7.98,0.55,9.06694,9.48,7.30796,7.80293,10.5836,11.17,9.5069,12.6631,14.4899
2026-02-13 23:40:00+00:00,41.3,6.5,7.25436,7.67,0.7,8.99043,9.4,7.35998,7.80293,10.5836,11.17,9.5069,12.6631,14.4899
2026-02-13 23:50:00+00:00,39.8,5.4,7.93535,8.39,0.68,9.67905,10.12,7.59801,7.93535,10.5836,11.17,9.67905,12.6631,14.4899
2026-02-14 00:00:00+00:00,36.8,5.3,8.50283,8.99,0.7,10.1764,10.64,7.71466,8.50283,10.5836,11.17,10.1764,12.6631,14.4899
2026-02-14 00:10:00+00:00,37.8,5.7,8.73928,9.24,0.8,10.5877,11.07,7.89121,8.73928,9.88371,11.17,10.5877,12.4431,14.3751
2026-02-14 00:20:00+00:00,42.2,6.9,9.14598,9.67,0.76,11.0659,11.57,8.18756,9.14598,9.14598,10.5836,11.0659,11.1424,13.61
2026-02-14 00:30:00+00:00,41.3,9.4,8.85278,9.36,0.9,11.1041,11.61,8.4051,9.14598,9.14598,10.5836,11.1041,11.1041,13.1509
2026-02-14 00:40:00+00:00,41.6,6.2,9.00411,9.52,0.92,11.3337,11.85,8.69672,9.14598,9.14598,10.5836,11.3337,11.3337,13.1509
2026-02-14 00:50:00+00:00,40.8,5.8,8.06776,8.53,0.72,9.71731,10.16,8.71879,9.14598,9.14598,10.5836,11.3337,11.3337,13.1509
2026-02-14 01:00:00+00:00,41.8,5.3,8.36096,8.84,0.74,10.0521,10.51,8.69515,9.14598,9.14598,10.5836,11.3337,11.3337,13.1509
2026-02-14 01:10:00+00:00,41.8,5.4,8.83387,9.34,0.82,11.1615,11.67,8.71091,9.14598,9.14598,10.5836,11.3337,11.3337,13.1509
2026-02-14 01:20:00+00:00,41.0,5.9,9.40135,9.94,0.92,11.4006,11.92,8.75347,9.40135,9.40135,10.5836,11.4006,11.4006,13.1509
2026-02-14 01:30:00+00:00,39.7,6.3,9.2784,9.81,0.9,11.3337,11.85,8.82441,9.40135,9.40135,10.5836,11.4006,11.4006,12.6631
2026-02-14 01:40:00+00:00,41.1,6.4,9.31623,9.85,0.92,11.6302,12.16,8.87643,9.40135,9.40135,10.5836,11.6302,11.6302,12.6631
2026-02-14 01:50:00+00:00,41.8,5.4,9.25948,9.79,0.59,10.9224,11.42,9.07505,9.40135,9.40135,10.5836,11.6302,11.6302,12.6631
2026-02-14 02:00:00+00:00,42.2,6.5,9.20273,9.73,0.72,11.0659,11.57,9.21534,9.40135,9.40135,10.5836,11.6302,11.6302,12.6631
2026-02-14 02:10:00+00:00,38.0,4.9,10.1958,10.78,1.07,13.7821,14.41,9.44234,10.1958,10.1958,10.5836,13.7821,13.7821,13.7821
2026-02-14 02:20:00+00:00,45.3,6.3,10.0067,10.58,0.92,12.2423,12.8,9.54322,10.1958,10.1958,10.5836,13.7821,13.7821,13.7821
2026-02-14 02:30:00+00:00,49.6,6.8,10.3755,10.97,0.96,12.9596,13.55,9.72608,10.3755,10.3755,10.5836,13.7821,13.7821,13.7821
2026-02-14 02:40:00+00:00,51.2,5.8,9.0514,9.57,0.8,10.8268,11.32,9.68194,10.3755,10.3755,10.5836,13.7821,13.7821,13.7821
2026-02-14 02:50:00+00:00,45.2,6.3,8.81495,9.32,0.82,11.085,11.59,9.60785,10.3755,10.3755,10.5836,13.7821,13.7821,13.7821
2026-02-14 03:00:00+00:00,39.6,6.2,8.85278,9.36,0.92,11.7928,12.33,9.54953,10.3755,10.3755,10.5836,13.7821,13.7821,13.7821
2026-02-14 03:10:00+00:00,41.2,5.5,9.84588,10.41,0.88,11.7928,12.33,9.4912,10.3755,10.3755,10.3755,12.9596,13.7821,13.7821
2026-02-14 03:20:00+00:00,41.8,4.9,9.40135,9.94,0.68,10.9415,11.44,9.39032,10.3755,10.3755,10.3755,12.9596,13.7821,13.7821
2026-02-14 03:30:00+00:00,42.6,5.3,9.43918,9.98,0.86,11.7545,12.29,9.23426,9.84588,10.3755,10.3755,11.7928,13.7821,13.7821
2026-02-14 03:40:00+00:00,43.8,7.0,9.33514,9.87,0.66,11.1998,11.71,9.28155,9.84588,10.3755,10.3755,11.7928,13.7821,13.7821
2026-02-14 03:50:00+00:00,47.2,5.9,9.20273,9.73,0.74,11.831,12.37,9.34618,9.84588,10.3755,10.3755,11.831,13.7821,13.7821
2026-02-14 04:00:00+00:00,48.0,6.4,11.2078,11.85,1.01,14.203,14.85,9.73869,11.2078,11.2078,11.2078,14.203,14.203,14.203
2026-02-14 04:10:00+00:00,50.9,5.7,10.6687,11.28,1.25,13.6482,14.27,9.87583,11.2078,11.2078,11.2078,14.203,14.203,14.203
2026-02-14 04:20:00+00:00,49.6,5.9,10.6877,11.3,1.01,12.8544,13.44,10.0902,11.2078,11.2078,11.2078,14.203,14.203,14.203
2026-02-14 04:30:00+00:00,54.9,4.5,10.5458,11.15,0.92,12.8927,13.48,10.2746,11.2078,11.2078,11.2078,14.203,14.203,14.203
2026-02-14 04:40:00+00:00,51.9,4.5,10.612,11.22,0.76,12.4623,13.03,10.4875,11.2078,11.2078,11.2078,14.203,14.203,14.203
2026-02-14 04:50:00+00:00,48.8,5.0,9.12707,9.65,0.78,10.865,11.36,10.4748,11.2078,11.2078,11.2078,14.203,14.203,14.203
2026-02-14 05:00:00+00:00,38.8,5.8,10.8579,11.48,1.65,13.9065,14.54,10.4165,10.8579,11.2078,11.2078,13.9065,14.203,14.203
2026-02-14 05:10:00+00:00,39.6,5.7,10.839,11.46,0.99,13.6482,14.27,10.4449,10.8579,11.2078,11.2078,13.9065,14.203,14.203
2026-02-14 05:20:00+00:00,41.2,5.6,10.1202,10.7,1.36,13.983,14.62,10.3503,10.8579,11.2078,11.2078,13.983,14.203,14.203
2026-02-14 05:30:00+00:00,40.3,7.9,9.71347,10.27,0.96,12.5196,13.09,10.2116,10.8579,11.2078,11.2078,13.983,14.203,14.203
2026-02-14 05:40:00+00:00,40.3,5.4,9.69455,10.25,0.86,12.424,12.99,10.0587,10.8579,11.2078,11.2078,13.983,14.203,14.203
2026-02-14 05:50:00+00:00,40.5,6.0,9.55268,10.1,1.07,12.9979,13.59,10.1296,10.8579,11.2078,11.2078,13.983,14.203,14.203
2026-02-14 06:00:00+00:00,42.5,7.0,11.6429,12.31,1.01,14.0595,14.7,10.2605,11.6429,11.6429,11.6429,14.0595,14.203,14.203
2026-02-14 06:10:00+00:00,41.7,6.3,10.1769,10.76,0.76,12.3475,12.91,10.1501,11.6429,11.6429,11.6429,14.0595,14.203,14.203
2026-02-14 06:20:00+00:00,37.6,6.4,10.2715,10.86,0.94,13.0935,13.69,10.1753,11.6429,11.6429,11.6429,14.0595,14.203,14.203
2026-02-14 06:30:00+00:00,36.2,4.8,10.9809,11.61,0.8,12.577,13.15,10.3866,11.6429,11.6429,11.6429,14.0595,14.203,14.203
2026-02-14 06:40:00+00:00,44.9,5.3,10.3566,10.95,0.94,13.1891,13.79,10.4969,11.6429,11.6429,11.6429,14.0595,14.203,14.203
2026-02-14 06:50:00+00:00,43.6,5.6,9.33514,9.87,0.8,11.8119,12.35,10.4607,11.6429,11.6429,11.6429,14.0595,14.203,14.203
2026-02-14 07:00:00+00:00,43.6,6.6,8.7582,9.26,0.88,11.1233,11.63,9.97987,10.9809,11.6429,11.6429,13.1891,14.203,14.203
2026-02-14 07:10:00+00:00,45.1,5.3,8.83387,9.34,0.78,10.9989,11.5,9.75603,10.9809,11.6429,11.6429,13.1891,14.0595,14.203
2026-02-14 07:20:00+00:00,41.4,5.1,9.10815,9.63,0.82,10.9607,11.46,9.56214,10.9809,11.6429,11.6429,13.1891,14.0595,14.203
2026-02-14 07:30:00+00:00,40.5,4.4,9.18382,9.71,0.7,11.1233,11.63,9.26263,10.3566,11.6429,11.6429,13.1891,14.0595,14.203
2026-02-14 07:40:00+00:00,41.0,5.4,8.71091,9.21,0.84,10.8076,11.3,8.98835,9.33514,11.6429,11.6429,11.8119,14.0595,14.203
2026-02-14 07:50:00+00:00,39.1,4.6,9.02303,9.54,0.61,10.5685,11.05,8.93633,9.18382,11.6429,11.6429,11.1233,14.0595,14.203
2026-02-14 08:00:00+00:00,41.2,5.5,8.9852,9.5,0.76,10.5685,11.05,8.97416,9.18382,11.6429,11.6429,11.1233,14.0595,14.203
2026-02-14 08:10:00+00:00,39.0,6.0,8.5785,9.07,0.55,10.272,10.74,8.9316,9.18382,11.6429,11.6429,11.1233,14.0595,14.203
2026-02-14 08:20:00+00:00,40.9,5.8,8.24746,8.72,0.82,10.6068,11.09,8.78815,9.18382,11.6429,11.6429,11.1233,14.0595,14.203
2026-02-14 08:30:00+00:00,37.7,5.5,8.42717,8.91,0.68,10.4155,10.89,8.66204,9.02303,11.6429,11.6429,10.8076,14.0595,14.203
2026-02-14 08:40:00+00:00,35.1,5.6,8.34204,8.82,0.9,10.7311,11.22,8.60057,9.02303,11.6429,11.6429,10.7311,14.0595,14.203
2026-02-14 08:50:00+00:00,34.9,6.2,8.36096,8.84,0.78,10.4729,10.95,8.49022,8.9852,11.6429,11.6429,10.7311,14.0595,14.203
2026-02-14 09:00:00+00:00,37.7,6.1,8.52175,9.01,0.68,10.5877,11.07,8.41298,8.5785,11.6429,11.6429,10.7311,14.0595,14.203
2026-02-14 09:10:00+00:00,37.8,4.7,8.26638,8.74,0.8,10.492,10.97,8.36096,8.52175,10.9809,11.6429,10.7311,13.1891,14.203
2026-02-14 09:20:00+00:00,40.1,6.6,7.82185,8.27,0.92,10.272,10.74,8.29003,8.52175,10.9809,11.6429,10.7311,13.1891,14.203
2026-02-14 09:30:00+00:00,41.7,6.3,8.1718,8.64,0.82,10.1955,10.66,8.24746,8.52175,10.9809,11.6429,10.7311,13.1891,14.203
2026-02-14 09:40:00+00:00,44.2,6.2,7.31111,7.73,0.82,9.3443,9.77,8.07564,8.52175,10.3566,11.6429,10.5877,13.1891,14.203
2026-02-14 09:50:00+00:00,39.2,7.2,7.42461,7.85,0.8,9.48777,9.92,7.91958,8.52175,9.33514,11.6429,10.5877,11.8119,14.203
2026-02-14 10:00:00+00:00,34.2,6.8,6.8855,7.28,0.76,8.73219,9.13,7.64687,8.26638,9.18382,11.6429,10.492,11.1233,14.203
2026-02-14 10:10:00+00:00,31.3,6.9,6.52609,6.9,0.59,8.1392,8.51,7.35683,8.1718,9.18382,11.6429,10.272,11.1233,14.0595
2026-02-14 10:20:00+00:00,35.6,8.3,6.78146,7.17,0.63,8.20615,8.58,7.18343,8.1718,9.18382,11.6429,10.1955,11.1233,14.0595
2026-02-14 10:30:00+00:00,41.3,6.9,6.55446,6.93,0.82,8.65568,9.05,6.91387,7.42461,9.18382,11.6429,9.48777,11.1233,14.0595
2026-02-14 10:40:00+00:00,45.5,6.7,6.17614,6.53,0.74,7.96705,8.33,6.72471,7.42461,9.02303,11.6429,9.48777,10.8076,14.0595
2026-02-14 10:50:00+00:00,41.5,8.1,6.10047,6.45,0.74,7.7662,8.12,6.50402,6.8855,9.02303,11.6429,8.73219,10.7311,14.0595
2026-02-14 11:00:00+00:00,36.6,5.6,6.37476,6.74,0.51,8.02443,8.39,6.54973,6.8855,9.02303,11.6429,8.73219,10.7311,14.0595
2026-02-14 11:10:00+00:00,33.4,5.4,6.68688,7.07,0.61,8.26354,8.64,6.51663,6.78146,8.9852,11.6429,8.65568,10.7311,14.0595
2026-02-14 11:20:00+00:00,32.5,5.5,6.48826,6.86,0.59,8.1392,8.51,6.51033,6.78146,8.5785,11.6429,8.65568,10.7311,14.0595
2026-02-14 11:30:00+00:00,30.2,5.6,6.55446,6.93,0.63,8.28267,8.66,6.47249,6.68688,8.52175,11.6429,8.65568,10.7311,14.0595
2026-02-14 11:40:00+00:00,28.7,4.7,5.94915,6.29,0.68,7.50796,7.85,6.37161,6.68688,8.52175,11.6429,8.28267,10.7311,14.0595
2026-02-14 11:50:00+00:00,29.6,6.2,5.34383,5.65,0.63,6.91498,7.23,6.23289,6.68688,8.52175,11.6429,8.28267,10.7311,14.0595
2026-02-14 12:00:00+00:00,25.5,8.5,5.55191,5.87,0.76,7.29755,7.63,6.09575,6.68688,8.52175,11.6429,8.28267,10.5877,14.0595
2026-02-14 12:10:00+00:00,24.7,9.3,5.73161,6.06,0.61,7.54622,7.89,5.93653,6.55446,8.52175,11.6429,8.28267,10.5877,14.0595
2026-02-14 12:20:00+00:00,28.1,8.2,5.69378,6.02,0.74,7.68968,8.04,5.80412,6.55446,8.26638,10.9809,8.28267,10.492,13.1891
2026-02-14 12:30:00+00:00,21.1,6.0,5.76944,6.1,0.72,7.48883,7.83,5.67328,5.94915,8.1718,10.9809,7.68968,10.272,13.1891
2026-02-14 12:40:00+00:00,24.1,8.6,5.84511,6.18,0.78,7.80445,8.16,5.65594,5.84511,8.1718,10.9809,7.80445,10.1955,13.1891
2026-02-14 12:50:00+00:00,16.6,5.2,6.26126,6.62,0.63,8.22528,8.6,5.80885,6.26126,7.42461,10.3566,8.22528,9.48777,13.1891
2026-02-14 13:00:00+00:00,14.1,6.1,6.00589,6.35,0.59,7.65143,8.0,5.88451,6.26126,7.42461,9.33514,8.22528,9.48777,11.8119
2026-02-14 13:10:00+00:00,11.2,7.6,6.41259,6.78,0.61,8.08182,8.45,5.99801,6.41259,6.8855,9.18382,8.22528,8.73219,11.1233
2026-02-14 13:20:00+00:00,15.4,7.0,6.50717,6.88,0.53,7.90966,8.27,6.13358,6.50717,6.78146,9.18382,8.22528,8.65568,11.1233
2026-02-14 13:30:00+00:00,8.0,4.7,6.33693,6.7,0.57,7.52709,7.87,6.22816,6.50717,6.78146,9.18382,8.22528,8.65568,11.1233
2026-02-14 13:40:00+00:00,8.6,6.1,6.02481,6.37,0.63,7.57491,7.92,6.25811,6.50717,6.68688,9.18382,8.22528,8.65568,11.1233
2026-02-14 13:50:00+00:00,10.9,5.0,5.93023,6.27,0.8,7.67055,8.02,6.20294,6.50717,6.68688,9.02303,8.08182,8.28267,10.8076
2026-02-14 14:00:00+00:00,14.5,8.8,5.76944,6.1,0.53,7.00105,7.32,6.16353,6.50717,6.68688,9.02303,8.08182,8.28267,10.7311
2026-02-14 14:10:00+00:00,8.9,5.6,5.78836,6.12,0.59,6.91498,7.23,6.05949,6.50717,6.68688,8.9852,7.90966,8.28267,10.7311
2026-02-14 14:20:00+00:00,9.0,6.1,5.49516,5.81,0.57,6.9628,7.28,5.89082,6.33693,6.55446,8.5785,7.67055,8.28267,10.7311
2026-02-14 14:30:00+00:00,12.1,6.6,5.43841,5.75,0.61,6.74282,7.05,5.74107,6.02481,6.55446,8.52175,7.67055,8.28267,10.7311
2026-02-14 14:40:00+00:00,11.9,5.2,5.49516,5.81,0.45,6.70456,7.01,5.65279,5.93023,6.50717,8.52175,7.67055,8.22528,10.7311
2026-02-14 14:50:00+00:00,10.8,6.5,5.38166,5.69,0.47,6.38894,6.68,5.56136,5.78836,6.50717,8.52175,7.00105,8.22528,10.7311
2026-02-14 15:00:00+00:00,13.8,5.6,4.99388,5.28,0.43,5.8916,6.16,5.4321,5.78836,6.50717,8.52175,6.9628,8.22528,10.5877
2026-02-14 15:10:00+00:00,13.6,6.8,4.70068,4.97,0.45,5.55685,5.81,5.25082,5.49516,6.50717,8.52175,6.9628,8.22528,10.5877
2026-02-14 15:20:00+00:00,12.6,5.6,4.50206,4.76,0.45,5.81508,6.08,5.08531,5.49516,6.50717,8.26638,6.74282,8.22528,10.492
2026-02-14 15:30:00+00:00,14.1,7.4,4.20885,4.45,0.49,5.31774,5.56,4.88038,5.49516,6.50717,8.1718,6.70456,8.22528,10.272
2026-02-14 15:40:00+00:00,19.0,8.5,3.9724,4.2,0.49,4.90648,5.13,4.62659,5.38166,6.50717,8.1718,6.38894,8.22528,10.1955
2026-02-14 15:50:00+00:00,20.2,9.1,4.11427,4.35,0.35,5.14558,5.38,4.41536,4.99388,6.50717,7.42461,5.8916,8.22528,9.48777
2026-02-14 16:00:00+00:00,26.2,6.4,3.64137,3.85,0.39,4.70563,4.92,4.18994,4.70068,6.50717,7.42461,5.81508,8.08182,9.48777
2026-02-14 16:10:00+00:00,30.6,8.0,3.58462,3.79,0.41,4.62911,4.84,4.00393,4.50206,6.50717,6.8855,5.81508,8.08182,8.73219
2026-02-14 16:20:00+00:00,29.7,7.5,3.47112,3.67,0.49,4.62911,4.84,3.83211,4.20885,6.50717,6.78146,5.31774,7.90966,8.65568
2026-02-14 16:30:00+00:00,18.2,10.2,3.25359,3.44,0.51,4.57173,4.78,3.6729,4.11427,6.33693,6.78146,5.14558,7.67055,8.65568
2026-02-14 16:40:00+00:00,20.6,8.7,3.15901,3.34,0.59,4.23698,4.43,3.53733,4.11427,6.02481,6.68688,5.14558,7.67055,8.65568
2026-02-14 16:50:00+00:00,15.2,11.4,2.74285,2.9,0.43,3.90223,4.08,3.30876,3.64137,5.93023,6.68688,4.70563,7.67055,8.28267
2026-02-14 17:00:00+00:00,17.8,11.1,2.61044,2.76,0.51,3.58661,3.75,3.13694,3.58462,5.78836,6.68688,4.62911,7.00105,8.28267
2026-02-14 17:10:00+00:00,38.6,13.8,1.78758,1.89,0.28,2.71626,2.84,2.83743,3.47112,5.78836,6.68688,4.62911,6.9628,8.28267
2026-02-14 17:20:00+00:00,48.3,8.9,1.89162,2.0,0.37,2.97449,3.11,2.57418,3.25359,5.49516,6.55446,4.57173,6.9628,8.28267
2026-02-14 17:30:00+00:00,29.1,17.1,1.47546,1.56,0.35,2.08501,2.18,2.27783,3.15901,5.49516,6.55446,4.23698,6.74282,8.28267
2026-02-14 17:40:00+00:00,6.9,10.9,1.63625,1.73,0.33,2.40063,2.51,2.02403,2.74285,5.49516,6.50717,3.90223,6.70456,8.22528
2026-02-14 17:50:00+00:00,60.1,20.0,1.43763,1.52,0.26,2.24761,2.35,1.8065,2.61044,5.38166,6.50717,3.58661,6.38894,8.22528
2026-02-14 18:00:00+00:00,73.6,9.2,1.67408,1.77,0.14,2.20935,2.31,1.65044,1.89162,4.99388,6.50717,2.97449,5.8916,8.22528
2026-02-14 18:10:00+00:00,85.9,6.3,1.8065,1.91,0.35,2.52497,2.64,1.65359,1.89162,4.70068,6.50717,2.97449,5.81508,8.22528
2026-02-14 18:20:00+00:00,81.7,5.9,1.9862,2.1,0.16,2.40063,2.51,1.66935,1.9862,4.50206,6.50717,2.52497,5.81508,8.22528
2026-02-14 18:30:00+00:00,88.5,7.8,1.76866,1.87,0.18,2.22848,2.33,1.71822,1.9862,4.20885,6.50717,2.52497,5.31774,8.22528
2026-02-14 18:40:00+00:00,120.4,9.7,1.78758,1.89,0.2,2.24761,2.35,1.74344,1.9862,4.11427,6.50717,2.52497,5.14558,8.22528
2026-02-14 18:50:00+00:00,126.1,6.7,2.2794,2.41,0.26,2.97449,3.11,1.88374,2.2794,4.11427,6.50717,2.97449,5.14558,8.22528
2026-02-14 19:00:00+00:00,116.6,4.4,2.55369,2.7,0.16,2.99362,3.13,2.03034,2.55369,3.64137,6.50717,2.99362,4.70563,8.08182
2026-02-14 19:10:00+00:00,118.3,3.6,2.96039,3.13,0.2,3.44314,3.6,2.22265,2.96039,3.58462,6.50717,3.44314,4.62911,8.08182
2026-02-14 19:20:00+00:00,116.8,3.6,3.21575,3.4,0.2,3.66312,3.83,2.42758,3.21575,3.47112,6.50717,3.66312,4.62911,7.90966
2026-02-14 19:30:00+00:00,117.3,3.5,3.23467,3.42,0.2,3.82571,4.0,2.67191,3.23467,3.25359,6.33693,3.82571,4.57173,7.67055
2026-02-14 19:40:00+00:00,123.0,4.9,3.34817,3.54,0.22,3.84484,4.02,2.93201,3.34817,3.34817,6.02481,3.84484,4.23698,7.67055
2026-02-14 19:50:00+00:00,130.4,4.2,3.47112,3.67,0.16,3.86397,4.04,3.13063,3.47112,3.47112,5.93023,3.86397,3.90223,7.67055
2026-02-14 20:00:00+00:00,135.7,4.7,3.386,3.58,0.16,3.86397,4.04,3.26935,3.47112,3.47112,5.78836,3.86397,3.86397,7.00105
2026-02-14 20:10:00+00:00,136.5,4.5,3.47112,3.67,0.18,4.14133,4.33,3.35447,3.47112,3.47112,5.78836,4.14133,4.14133,6.9628
2026-02-14 20:20:00+00:00,134.9,4.7,3.14009,3.32,0.16,3.62486,3.79,3.34186,3.47112,3.47112,5.49516,4.14133,4.14133,6.9628
2026-02-14 20:30:00+00:00,137.8,3.9,3.2725,3.46,0.16,3.72051,3.89,3.34817,3.47112,3.47112,5.49516,4.14133,4.14133,6.74282
2026-02-14 20:40:00+00:00,142.9,4.7,3.17792,3.36,0.16,3.68225,3.85,3.31979,3.47112,3.47112,5.49516,4.14133,4.14133,6.70456
2026-02-14 20:50:00+00:00,146.5,4.3,3.2725,3.46,0.16,3.78746,3.96,3.28669,3.47112,3.47112,5.38166,4.14133,4.14133,6.38894
2026-02-14 21:00:00+00:00,148.4,4.3,3.54679,3.75,0.16,4.10308,4.29,3.31349,3.54679,3.54679,4.99388,4.14133,4.14133,5.8916
2026-02-14 21:10:00+00:00,149.1,4.7,3.50896,3.71,0.12,3.92136,4.1,3.31979,3.54679,3.54679,4.70068,4.10308,4.14133,5.81508
2026-02-14 21:20:00+00:00,155.2,4.9,3.43329,3.63,0.2,3.95961,4.14,3.36866,3.54679,3.54679,4.50206,4.10308,4.14133,5.81508
2026-02-14 21:30:00+00:00,153.5,4.4,3.62245,3.83,0.18,4.25611,4.45,3.42699,3.62245,3.62245,4.20885,4.25611,4.25611,5.31774
2026-02-14 21:40:00+00:00,152.0,3.8,4.07644,4.31,0.16,4.57173,4.78,3.57674,4.07644,4.07644,4.11427,4.57173,4.57173,5.14558
2026-02-14 21:50:00+00:00,158.1,3.6,3.80216,4.02,0.14,4.31349,4.51,3.66501,4.07644,4.07644,4.11427,4.57173,4.57173,5.14558
2026-02-14 22:00:00+00:00,161.8,4.5,3.83999,4.06,0.2,4.5526,4.76,3.71388,4.07644,4.07644,4.07644,4.57173,4.57173,4.70563
2026-02-14 22:10:00+00:00,169.7,3.7,4.05753,4.29,0.2,4.64824,4.86,3.80531,4.07644,4.07644,4.07644,4.64824,4.64824,4.64824
2026-02-14 22:20:00+00:00,171.9,3.7,4.20885,4.45,0.18,4.75345,4.97,3.93457,4.20885,4.20885,4.20885,4.75345,4.75345,4.75345
2026-02-14 22:30:00+00:00,171.3,3.3,4.46422,4.72,0.22,5.04994,5.28,4.07486,4.46422,4.46422,4.46422,5.04994,5.04994,5.04994
2026-02-14 22:40:00+00:00,170.7,4.1,4.52097,4.78,0.2,5.0882,5.32,4.14895,4.52097,4.52097,4.52097,5.0882,5.0882,5.0882
2026-02-14 22:50:00+00:00,169.5,2.8,4.81417,5.09,0.22,5.33687,5.58,4.31762,4.81417,4.81417,4.81417,5.33687,5.33687,5.33687
2026-02-14 23:00:00+00:00,166.9,3.1,4.83309,5.11,0.22,5.61423,5.87,4.48314,4.83309,4.83309,4.83309,5.61423,5.61423,5.61423
2026-02-14 23:10:00+00:00,168.6,3.6,5.30599,5.61,0.28,5.96811,6.24,4.69122,5.30599,5.30599,5.30599,5.96811,5.96811,5.96811
2026-02-14 23:20:00+00:00,166.4,3.7,5.49516,5.81,0.33,6.46546,6.76,4.9056,5.49516,5.49516,5.49516,6.46546,6.46546,6.46546
2026-02-14 23:30:00+00:00,165.4,4.0,5.36274,5.67,0.28,6.35068,6.64,5.05535,5.49516,5.49516,5.49516,6.46546,6.46546,6.46546
2026-02-14 23:40:00+00:00,166.3,3.5,5.53299,5.85,0.3,6.54197,6.84,5.22402,5.53299,5.53299,5.53299,6.54197,6.54197,6.54197
2026-02-14 23:50:00+00:00,170.1,3.5,5.38166,5.69,0.3,6.18809,6.47,5.31861,5.53299,5.53299,5.53299,6.54197,6.54197,6.54197
2026-02-15 00:00:00+00:00,175.0,4.7,5.40058,5.71,0.3,6.24548,6.53,5.41319,5.53299,5.53299,5.53299,6.54197,6.54197,6.54197
2026-02-15 00:10:00+00:00,182.5,4.2,5.14521,5.44,0.35,6.36981,6.66,5.38639,5.53299,5.53299,5.53299,6.54197,6.54197,6.54197
2026-02-15 00:20:00+00:00,182.1,4.4,5.43841,5.75,0.35,6.31243,6.6,5.37693,5.53299,5.53299,5.53299,6.54197,6.54197,6.54197
2026-02-15 00:30:00+00:00,174.5,4.1,5.63703,5.96,0.35,6.74282,7.05,5.42264,5.63703,5.63703,5.63703,6.74282,6.74282,6.74282
2026-02-15 00:40:00+00:00,174.1,4.5,5.63703,5.96,0.41,6.64718,6.95,5.43998,5.63703,5.63703,5.63703,6.74282,6.74282,6.74282
2026-02-15 00:50:00+00:00,172.1,4.2,5.40058,5.71,0.35,6.31243,6.6,5.44314,5.63703,5.63703,5.63703,6.74282,6.74282,6.74282
2026-02-15 01:00:00+00:00,174.4,4.0,5.58974,5.91,0.43,6.72369,7.03,5.47466,5.63703,5.63703,5.63703,6.74282,6.74282,6.74282
2026-02-15 01:10:00+00:00,174.4,4.0,5.67486,6.0,0.35,6.8002,7.11,5.56294,5.67486,5.67486,5.67486,6.8002,6.8002,6.8002
2026-02-15 01:20:00+00:00,176.6,4.4,5.76944,6.1,0.37,6.78108,7.09,5.61811,5.76944,5.76944,5.76944,6.8002,6.8002,6.8002
2026-02-15 01:30:00+00:00,176.2,4.1,5.88294,6.22,0.35,6.94367,7.26,5.6591,5.88294,5.88294,5.88294,6.94367,6.94367,6.94367
2026-02-15 01:40:00+00:00,170.6,4.7,6.29909,6.66,0.39,7.70881,8.06,5.76944,6.29909,6.29909,6.29909,7.70881,7.70881,7.70881
2026-02-15 01:50:00+00:00,172.9,4.5,6.15722,6.51,0.43,7.27842,7.61,5.89555,6.29909,6.29909,6.29909,7.70881,7.70881,7.70881
2026-02-15 02:00:00+00:00,174.6,3.2,6.45042,6.82,0.43,7.68968,8.04,6.039,6.45042,6.45042,6.45042,7.70881,7.70881,7.70881
2026-02-15 02:10:00+00:00,173.8,4.1,6.78146,7.17,0.43,8.06269,8.43,6.22343,6.78146,6.78146,6.78146,8.06269,8.06269,8.06269
2026-02-15 02:20:00+00:00,171.4,3.5,6.72471,7.11,0.41,7.7662,8.12,6.38264,6.78146,6.78146,6.78146,8.06269,8.06269,8.06269
2026-02-15 02:30:00+00:00,172.1,4.1,6.46934,6.84,0.43,7.70881,8.06,6.48038,6.78146,6.78146,6.78146,8.06269,8.06269,8.06269
2026-02-15 02:40:00+00:00,173.4,4.4,6.52609,6.9,0.39,7.74707,8.1,6.51821,6.78146,6.78146,6.78146,8.06269,8.06269,8.06269
2026-02-15 02:50:00+00:00,174.1,4.5,6.43151,6.8,0.43,7.6323,7.98,6.56392,6.78146,6.78146,6.78146,8.06269,8.06269,8.06269
2026-02-15 03:00:00+00:00,176.5,4.3,6.28018,6.64,0.45,7.65143,8.0,6.53555,6.78146,6.78146,6.78146,8.06269,8.06269,8.06269
2026-02-15 03:10:00+00:00,180.6,4.8,6.35584,6.72,0.45,7.94792,8.31,6.46461,6.72471,6.78146,6.78146,7.94792,8.06269,8.06269
2026-02-15 03:20:00+00:00,179.6,4.8,6.63013,7.01,0.51,8.0053,8.37,6.44885,6.63013,6.78146,6.78146,8.0053,8.06269,8.06269
2026-02-15 03:30:00+00:00,177.7,4.2,6.8855,7.28,0.51,8.32093,8.7,6.51821,6.8855,6.8855,6.8855,8.32093,8.32093,8.32093
2026-02-15 03:40:00+00:00,177.9,5.2,7.05574,7.46,0.51,8.49308,8.88,6.60648,7.05574,7.05574,7.05574,8.49308,8.49308,8.49308
2026-02-15 03:50:00+00:00,174.5,5.8,7.05574,7.46,0.72,9.00955,9.42,6.71052,7.05574,7.05574,7.05574,9.00955,9.00955,9.00955
2026-02-15 04:00:00+00:00,174.7,5.2,7.13141,7.54,0.57,8.47395,8.86,6.85239,7.13141,7.13141,7.13141,9.00955,9.00955,9.00955
2026-02-15 04:10:00+00:00,172.7,5.1,7.23545,7.65,0.47,8.95217,9.36,6.99899,7.23545,7.23545,7.23545,9.00955,9.00955,9.00955
2026-02-15 04:20:00+00:00,169.9,5.6,7.01791,7.42,0.49,8.26354,8.64,7.06362,7.23545,7.23545,7.23545,9.00955,9.00955,9.00955
2026-02-15 04:30:00+00:00,168.3,4.5,7.2922,7.71,0.51,8.65568,9.05,7.13141,7.2922,7.2922,7.2922,9.00955,9.00955,9.00955
2026-02-15 04:40:00+00:00,169.0,4.5,7.40569,7.83,0.47,8.99043,9.4,7.18973,7.40569,7.40569,7.40569,9.00955,9.00955,9.00955
2026-02-15 04:50:00+00:00,172.0,4.7,7.34894,7.77,0.47,9.22953,9.65,7.2386,7.40569,7.40569,7.40569,9.22953,9.22953,9.22953
2026-02-15 05:00:00+00:00,169.8,4.8,7.69889,8.14,0.57,9.12432,9.54,7.33318,7.69889,7.69889,7.69889,9.22953,9.22953,9.22953
2026-02-15 05:10:00+00:00,166.6,4.2,7.80293,8.25,0.51,9.75557,10.2,7.42776,7.80293,7.80293,7.80293,9.75557,9.75557,9.75557
2026-02-15 05:20:00+00:00,169.5,5.0,7.85968,8.31,0.55,9.3443,9.77,7.56806,7.85968,7.85968,7.85968,9.75557,9.75557,9.75557
2026-02-15 05:30:00+00:00,171.9,4.6,8.20963,8.68,0.63,9.89903,10.35,7.72096,8.20963,8.20963,8.20963,9.89903,9.89903,9.89903
2026-02-15 05:40:00+00:00,174.6,4.3,8.67308,9.17,0.55,10.1573,10.62,7.93219,8.67308,8.67308,8.67308,10.1573,10.1573,10.1573
2026-02-15 05:50:00+00:00,173.0,4.7,8.08668,8.55,0.53,9.73644,10.18,8.05515,8.67308,8.67308,8.67308,10.1573,10.1573,10.1573
2026-02-15 06:00:00+00:00,170.1,4.5,7.71781,8.16,0.41,8.78957,9.19,8.0583,8.67308,8.67308,8.67308,10.1573,10.1573,10.1573
2026-02-15 06:10:00+00:00,169.7,4.4,7.56648,8.0,0.57,9.2104,9.63,8.01889,8.67308,8.67308,8.67308,10.1573,10.1573,10.1573
2026-02-15 06:20:00+00:00,166.8,5.0,7.46244,7.89,0.45,8.85653,9.26,7.95269,8.67308,8.67308,8.67308,10.1573,10.1573,10.1573
2026-02-15 06:30:00+00:00,164.4,5.0,7.89751,8.35,0.63,9.43995,9.87,7.90067,8.67308,8.67308,8.67308,10.1573,10.1573,10.1573
2026-02-15 06:40:00+00:00,160.6,4.7,8.1718,8.64,0.59,10.1381,10.6,7.81712,8.1718,8.67308,8.67308,10.1381,10.1573,10.1573
2026-02-15 06:50:00+00:00,166.0,4.3,8.11505,8.58,0.61,9.67905,10.12,7.82185,8.1718,8.67308,8.67308,10.1381,10.1573,10.1573
2026-02-15 07:00:00+00:00,167.0,4.8,7.89751,8.35,0.57,9.71731,10.16,7.8518,8.1718,8.67308,8.67308,10.1381,10.1573,10.1573
2026-02-15 07:10:00+00:00,165.5,4.4,8.02993,8.49,0.72,10.0138,10.47,7.92904,8.1718,8.67308,8.67308,10.1381,10.1573,10.1573
2026-02-15 07:20:00+00:00,166.7,4.8,8.24746,8.72,0.61,10.119,10.58,8.05988,8.24746,8.67308,8.67308,10.1381,10.1573,10.1573
2026-02-15 07:30:00+00:00,169.4,4.7,8.67308,9.17,0.86,11.3624,11.88,8.18914,8.67308,8.67308,8.67308,11.3624,11.3624,11.3624
2026-02-15 07:40:00+00:00,165.4,4.8,9.31623,9.85,0.78,11.8884,12.43,8.37988,9.31623,9.31623,9.31623,11.8884,11.8884,11.8884
2026-02-15 07:50:00+00:00,162.7,4.6,9.31623,9.85,0.66,11.5154,12.04,8.58007,9.31623,9.31623,9.31623,11.8884,11.8884,11.8884
2026-02-15 08:00:00+00:00,161.8,5.0,9.18382,9.71,0.7,11.085,11.59,8.79446,9.31623,9.31623,9.31623,11.8884,11.8884,11.8884
2026-02-15 08:10:00+00:00,157.4,4.2,8.89061,9.4,0.72,10.9415,11.44,8.93791,9.31623,9.31623,9.31623,11.8884,11.8884,11.8884
2026-02-15 08:20:00+00:00,159.8,5.4,8.5785,9.07,0.74,10.7311,11.22,8.99308,9.31623,9.31623,9.31623,11.8884,11.8884,11.8884
2026-02-15 08:30:00+00:00,167.0,5.3,8.90953,9.42,0.63,10.7503,11.24,9.03249,9.31623,9.31623,9.31623,11.8884,11.8884,11.8884
2026-02-15 08:40:00+00:00,169.2,5.9,9.31623,9.85,0.9,11.5919,12.12,9.03249,9.31623,9.31623,9.31623,11.5919,11.8884,11.8884
2026-02-15 08:50:00+00:00,168.6,4.4,9.47702,10.02,0.9,11.8693,12.41,9.05928,9.47702,9.47702,9.47702,11.8693,11.8884,11.8884
2026-02-15 09:00:00+00:00,169.2,5.2,9.22165,9.75,0.72,11.2954,11.81,9.06559,9.47702,9.47702,9.47702,11.8693,11.8884,11.8884
2026-02-15 09:10:00+00:00,172.0,4.7,9.22165,9.75,0.7,11.1615,11.67,9.12076,9.47702,9.47702,9.47702,11.8693,11.8884,11.8884
2026-02-15 09:20:00+00:00,171.9,4.5,8.89061,9.4,0.74,10.7311,11.22,9.17278,9.47702,9.47702,9.47702,11.8693,11.8884,11.8884
2026-02-15 09:30:00+00:00,167.8,5.1,9.59051,10.14,0.63,11.3337,11.85,9.28628,9.59051,9.59051,9.59051,11.8693,11.8884,11.8884
2026-02-15 09:40:00+00:00,166.1,5.6,9.31623,9.85,0.66,11.3815,11.9,9.28628,9.59051,9.59051,9.59051,11.8693,11.8884,11.8884
2026-02-15 09:50:00+00:00,166.8,4.2,9.40135,9.94,0.7,11.5537,12.08,9.27367,9.59051,9.59051,9.59051,11.5537,11.8884,11.8884
2026-02-15 10:00:00+00:00,168.4,4.0,9.51485,10.06,0.78,11.8119,12.35,9.32253,9.59051,9.59051,9.59051,11.8119,11.8884,11.8884
2026-02-15 10:10:00+00:00,168.4,6.9,9.78913,10.35,0.99,12.3666,12.93,9.41712,9.78913,9.78913,9.78913,12.3666,12.3666,12.3666
2026-02-15 10:20:00+00:00,167.3,6.0,9.84588,10.41,0.74,12.4814,13.05,9.57633,9.84588,9.84588,9.84588,12.4814,12.4814,12.4814
2026-02-15 10:30:00+00:00,169.4,5.4,9.94046,10.51,1.11,12.4814,13.05,9.63465,9.94046,9.94046,9.94046,12.4814,12.4814,12.4814
2026-02-15 10:40:00+00:00,166.2,4.9,9.71347,10.27,0.68,11.8501,12.39,9.70086,9.94046,9.94046,9.94046,12.4814,12.4814,12.4814
2026-02-15 10:50:00+00:00,165.7,6.4,9.22165,9.75,0.66,10.9415,11.44,9.67091,9.94046,9.94046,9.94046,12.4814,12.4814,12.4814
2026-02-15 11:00:00+00:00,168.2,6.0,9.42027,9.96,1.03,11.5919,12.12,9.65514,9.94046,9.94046,9.94046,12.4814,12.4814,12.4814
2026-02-15 11:10:00+00:00,168.4,4.7,9.2784,9.81,0.86,11.3337,11.85,9.57002,9.94046,9.94046,9.94046,12.4814,12.4814,12.4814
2026-02-15 11:20:00+00:00,163.8,5.0,8.81495,9.32,0.61,10.6833,11.17,9.3982,9.94046,9.94046,9.94046,12.4814,12.4814,12.4814
2026-02-15 11:30:00+00:00,162.0,5.5,9.00411,9.52,0.99,11.5154,12.04,9.24214,9.71347,9.94046,9.94046,11.8501,12.4814,12.4814
2026-02-15 11:40:00+00:00,161.3,4.2,10.0445,10.62,0.66,11.8884,12.43,9.29731,10.0445,10.0445,10.0445,11.8884,12.4814,12.4814
2026-02-15 11:50:00+00:00,162.7,4.1,10.0067,10.58,1.05,12.7205,13.3,9.42815,10.0445,10.0445,10.0445,12.7205,12.7205,12.7205
2026-02-15 12:00:00+00:00,162.2,4.7,10.3566,10.95,0.92,12.4814,13.05,9.58421,10.3566,10.3566,10.3566,12.7205,12.7205,12.7205
2026-02-15 12:10:00+00:00,164.3,5.5,10.1013,10.68,0.84,12.1084,12.66,9.72135,10.3566,10.3566,10.3566,12.7205,12.7205,12.7205
2026-02-15 12:20:00+00:00,163.2,5.3,10.1202,10.7,1.01,12.8161,13.4,9.93889,10.3566,10.3566,10.3566,12.8161,12.8161,12.8161
2026-02-15 12:30:00+00:00,162.2,5.0,11.0565,11.69,0.88,13.39,14.0,10.281,11.0565,11.0565,11.0565,13.39,13.39,13.39
2026-02-15 12:40:00+00:00,160.6,5.6,11.4821,12.14,0.9,13.3135,13.92,10.5206,11.4821,11.4821,11.4821,13.39,13.39,13.39
2026-02-15 12:50:00+00:00,166.7,5.6,10.8201,11.44,1.27,14.2986,14.95,10.6561,11.4821,11.4821,11.4821,14.2986,14.2986,14.2986
2026-02-15 13:00:00+00:00,164.6,4.0,11.5483,12.21,0.88,13.763,14.39,10.8547,11.5483,11.5483,11.5483,14.2986,14.2986,14.2986
2026-02-15 13:10:00+00:00,162.9,4.0,10.9241,11.55,0.86,12.8544,13.44,10.9919,11.5483,11.5483,11.5483,14.2986,14.2986,14.2986
2026-02-15 13:20:00+00:00,165.6,4.7,9.82697,10.39,0.94,12.6631,13.24,10.943,11.5483,11.5483,11.5483,14.2986,14.2986,14.2986
2026-02-15 13:30:00+00:00,164.9,4.4,10.4323,11.03,0.78,12.3284,12.89,10.839,11.5483,11.5483,11.5483,14.2986,14.2986,14.2986
2026-02-15 13:40:00+00:00,164.3,5.7,10.612,11.22,0.76,13.017,13.61,10.694,11.5483,11.5483,11.5483,14.2986,14.2986,14.2986
2026-02-15 13:50:00+00:00,162.5,5.4,10.3755,10.97,1.17,13.3517,13.96,10.6199,11.5483,11.5483,11.5483,13.763,14.2986,14.2986
2026-02-15 14:00:00+00:00,160.9,4.5,9.80805,10.37,0.86,11.9649,12.51,10.3298,10.9241,11.5483,11.5483,13.3517,14.2986,14.2986
2026-02-15 14:10:00+00:00,163.5,5.4,10.3188,10.91,1.11,12.8927,13.48,10.2289,10.612,11.5483,11.5483,13.3517,14.2986,14.2986
2026-02-15 14:20:00+00:00,160.7,4.1,11.1322,11.77,0.99,14.0021,14.64,10.4465,11.1322,11.5483,11.5483,14.0021,14.2986,14.2986
2026-02-15 14:30:00+00:00,161.1,4.2,10.6687,11.28,1.03,13.9639,14.6,10.4859,11.1322,11.5483,11.5483,14.0021,14.2986,14.2986
2026-02-15 14:40:00+00:00,161.6,5.3,11.5862,12.25,1.17,14.6525,15.32,10.6482,11.5862,11.5862,11.5862,14.6525,14.6525,14.6525
2026-02-15 14:50:00+00:00,159.9,5.2,10.2337,10.82,1.03,12.7014,13.28,10.6246,11.5862,11.5862,11.5862,14.6525,14.6525,14.6525
2026-02-15 15:00:00+00:00,162.1,4.7,10.4134,11.01,0.86,12.7396,13.32,10.7255,11.5862,11.5862,11.5862,14.6525,14.6525,14.6525
2026-02-15 15:10:00+00:00,166.1,5.4,9.98775,10.56,0.96,12.9596,13.55,10.6703,11.5862,11.5862,11.5862,14.6525,14.6525,14.6525
2026-02-15 15:20:00+00:00,164.2,5.3,9.88371,10.45,0.9,12.3475,12.91,10.4622,11.5862,11.5862,11.5862,14.6525,14.6525,14.6525
2026-02-15 15:30:00+00:00,165.4,5.0,10.2526,10.84,1.19,13.5048,14.12,10.3929,11.5862,11.5862,11.5862,14.6525,14.6525,14.6525
2026-02-15 15:40:00+00:00,164.7,6.0,11.7186,12.39,1.46,15.2455,15.94,10.4149,11.7186,11.7186,11.7186,15.2455,15.2455,15.2455
2026-02-15 15:50:00+00:00,166.5,6.2,12.2482,12.95,1.58,16.9575,17.73,10.7507,12.2482,12.2482,12.2482,16.9575,16.9575,16.9575
2026-02-15 16:00:00+00:00,167.3,4.5,15.3883,16.27,1.32,18.3443,19.18,11.5799,15.3883,15.3883,15.3883,18.3443,18.3443,18.3443
2026-02-15 16:10:00+00:00,168.3,4.5,14.0453,14.85,1.27,17.0149,17.79,12.2561,15.3883,15.3883,15.3883,18.3443,18.3443,18.3443
2026-02-15 16:20:00+00:00,166.3,4.5,12.5225,13.24,1.19,15.7524,16.47,12.6959,15.3883,15.3883,15.3883,18.3443,18.3443,18.3443
2026-02-15 16:30:00+00:00,166.1,4.5,10.4323,11.03,1.05,12.797,13.38,12.7259,15.3883,15.3883,15.3883,18.3443,18.3443,18.3443
2026-02-15 16:40:00+00:00,165.4,4.8,10.8201,11.44,0.9,13.1509,13.75,12.5761,15.3883,15.3883,15.3883,18.3443,18.3443,18.3443
2026-02-15 16:50:00+00:00,162.2,5.0,10.2147,10.8,0.96,12.9405,13.53,12.2372,15.3883,15.3883,15.3883,18.3443,18.3443,18.3443
2026-02-15 17:00:00+00:00,162.7,5.4,10.5647,11.17,1.19,13.2083,13.81,11.4333,14.0453,15.3883,15.3883,17.0149,18.3443,18.3443
2026-02-15 17:10:00+00:00,159.4,4.8,10.6498,11.26,1.21,14.3751,15.03,10.8674,12.5225,15.3883,15.3883,15.7524,18.3443,18.3443
2026-02-15 17:20:00+00:00,158.8,5.5,9.71347,10.27,0.9,12.9596,13.55,10.3992,10.8201,15.3883,15.3883,14.3751,18.3443,18.3443
2026-02-15 17:30:00+00:00,158.4,5.5,10.4512,11.05,0.96,13.8204,14.45,10.4023,10.8201,15.3883,15.3883,14.3751,18.3443,18.3443
2026-02-15 17:40:00+00:00,162.2,5.0,10.7633,11.38,0.92,13.543,14.16,10.3929,10.7633,15.3883,15.3883,14.3751,18.3443,18.3443
2026-02-15 17:50:00+00:00,159.8,5.4,11.2741,11.92,1.23,14.5568,15.22,10.5694,11.2741,15.3883,15.3883,14.5568,18.3443,18.3443
2026-02-15 18:00:00+00:00,155.6,5.4,10.489,11.09,0.84,12.3475,12.91,10.5568,11.2741,15.3883,15.3883,14.5568,18.3443,18.3443
2026-02-15 18:10:00+00:00,155.4,5.5,10.8957,11.52,0.92,13.6482,14.27,10.5978,11.2741,15.3883,15.3883,14.5568,18.3443,18.3443
2026-02-15 18:20:00+00:00,153.8,4.8,11.5673,12.23,1.17,15.1881,15.88,10.9068,11.5673,15.3883,15.3883,15.1881,18.3443,18.3443
2026-02-15 18:30:00+00:00,155.4,5.5,10.839,11.46,1.03,13.8204,14.45,10.9714,11.5673,15.3883,15.3883,15.1881,18.3443,18.3443
2026-02-15 18:40:00+00:00,155.9,5.3,11.3876,12.04,1.65,15.7141,16.43,11.0754,11.5673,15.3883,15.3883,15.7141,18.3443,18.3443
2026-02-15 18:50:00+00:00,166.0,9.1,9.47702,10.02,1.19,13.1509,13.75,10.7759,11.5673,15.3883,15.3883,15.7141,18.3443,18.3443
2026-02-15 19:00:00+00:00,169.4,6.1,9.7513,10.31,0.94,12.051,12.6,10.653,11.5673,15.3883,15.3883,15.7141,18.3443,18.3443
2026-02-15 19:10:00+00:00,167.0,4.6,10.3566,10.95,0.84,13.39,14.0,10.5631,11.5673,14.0453,15.3883,15.7141,17.0149,18.3443
2026-02-15 19:20:00+00:00,161.6,5.3,10.839,11.46,0.84,13.4091,14.02,10.4417,11.3876,12.5225,15.3883,15.7141,15.7524,18.3443
2026-02-15 19:30:00+00:00,164.9,5.2,10.5079,11.11,0.9,13.543,14.16,10.3866,11.3876,11.5673,15.3883,15.7141,15.7141,18.3443
2026-02-15 19:40:00+00:00,165.1,5.0,10.3377,10.93,0.9,13.1126,13.71,10.2116,10.839,11.5673,15.3883,13.543,15.7141,18.3443
2026-02-15 19:50:00+00:00,161.2,4.8,10.5079,11.11,0.86,12.8735,13.46,10.3834,10.839,11.5673,15.3883,13.543,15.7141,18.3443
2026-02-15 20:00:00+00:00,163.4,4.4,10.3945,10.99,0.86,12.6631,13.24,10.4906,10.839,11.5673,15.3883,13.543,15.7141,18.3443
2026-02-15 20:10:00+00:00,163.3,4.1,10.1202,10.7,0.84,12.8161,13.4,10.4512,10.839,11.5673,15.3883,13.543,15.7141,18.3443
2026-02-15 20:20:00+00:00,164.6,4.3,10.3188,10.91,0.99,12.7779,13.36,10.3645,10.5079,11.5673,15.3883,13.543,15.7141,18.3443
2026-02-15 20:30:00+00:00,162.4,5.0,10.2147,10.8,0.82,12.0701,12.62,10.3156,10.5079,11.5673,15.3883,13.1126,15.7141,18.3443
2026-02-15 20:40:00+00:00,162.7,5.4,9.38244,9.92,0.8,12.1084,12.66,10.1564,10.5079,11.5673,15.3883,12.8735,15.7141,18.3443
2026-02-15 20:50:00+00:00,163.2,4.5,9.88371,10.45,0.88,11.9075,12.45,10.0524,10.3945,11.5673,15.3883,12.8161,15.7141,18.3443
2026-02-15 21:00:00+00:00,165.4,5.0,9.59051,10.14,0.86,11.8119,12.35,9.9184,10.3188,11.5673,15.3883,12.8161,15.7141,18.3443
2026-02-15 21:10:00+00:00,166.9,4.4,9.12707,9.65,0.8,11.3624,11.88,9.75288,10.3188,11.5673,15.3883,12.7779,15.7141,18.3443
2026-02-15 21:20:00+00:00,165.2,5.2,9.07032,9.59,0.68,10.9033,11.4,9.5448,10.2147,11.5673,15.3883,12.1084,15.7141,18.3443
2026-02-15 21:30:00+00:00,164.0,4.7,9.10815,9.63,0.76,11.8119,12.35,9.36037,9.88371,11.3876,15.3883,12.1084,15.7141,18.3443
2026-02-15 21:40:00+00:00,167.5,5.2,8.81495,9.32,0.59,10.3294,10.8,9.26579,9.88371,11.3876,15.3883,11.9075,15.7141,18.3443
2026-02-15 21:50:00+00:00,168.7,4.7,8.90953,9.42,0.68,10.7503,11.24,9.10342,9.59051,10.839,15.3883,11.8119,13.543,18.3443
2026-02-15 22:00:00+00:00,166.9,5.2,9.12707,9.65,0.68,11.1998,11.71,9.02618,9.12707,10.839,15.3883,11.8119,13.543,18.3443
2026-02-15 22:10:00+00:00,167.5,5.0,8.65416,9.15,0.82,10.865,11.36,8.94736,9.12707,10.839,14.0453,11.8119,13.543,17.0149
2026-02-15 22:20:00+00:00,167.4,4.0,8.81495,9.32,0.72,10.6068,11.09,8.9048,9.12707,10.839,12.5225,11.8119,13.543,15.7524
2026-02-15 22:30:00+00:00,167.3,4.5,8.01101,8.47,0.55,9.69818,10.14,8.72194,9.12707,10.5079,11.5673,11.1998,13.543,15.7141
2026-02-15 22:40:00+00:00,166.8,3.9,8.11505,8.58,0.66,9.48777,9.92,8.6053,9.12707,10.5079,11.5673,11.1998,13.1126,15.7141
2026-02-15 22:50:00+00:00,168.9,4.2,7.97318,8.43,0.68,9.62167,10.06,8.44924,9.12707,10.5079,11.5673,11.1998,12.8735,15.7141
2026-02-15 23:00:00+00:00,170.1,4.5,7.67998,8.12,0.66,9.06694,9.48,8.20805,8.81495,10.3945,11.5673,10.865,12.8161,15.7141
2026-02-15 23:10:00+00:00,172.4,4.7,7.64215,8.08,0.53,8.99043,9.4,8.03939,8.81495,10.3188,11.5673,10.6068,12.8161,15.7141
2026-02-15 23:20:00+00:00,173.5,3.6,7.40569,7.83,0.49,8.8374,9.24,7.80451,8.11505,10.3188,11.5673,9.69818,12.7779,15.7141
2026-02-15 23:30:00+00:00,175.1,4.0,7.50973,7.94,0.61,9.19127,9.61,7.72096,8.11505,10.2147,11.5673,9.62167,12.1084,15.7141
2026-02-15 23:40:00+00:00,173.8,4.1,7.67998,8.12,0.49,9.19127,9.61,7.64845,7.97318,9.88371,11.5673,9.62167,12.1084,15.7141
2026-02-15 23:50:00+00:00,177.9,4.4,7.60431,8.04,0.53,8.8374,9.24,7.58697,7.67998,9.88371,11.5673,9.19127,11.9075,15.7141
2026-02-16 00:00:00+00:00,175.6,4.4,7.23545,7.65,0.49,8.75132,9.15,7.51288,7.67998,9.59051,11.5673,9.19127,11.8119,15.7141
2026-02-16 00:10:00+00:00,175.9,4.8,6.94225,7.34,0.63,9.5069,9.94,7.39623,7.67998,9.12707,11.5673,9.5069,11.8119,15.7141
2026-02-16 00:20:00+00:00,177.8,4.4,6.96116,7.36,0.49,8.49308,8.88,7.32215,7.67998,9.12707,11.5673,9.5069,11.8119,15.7141
2026-02-16 00:30:00+00:00,173.6,3.7,7.05574,7.46,0.43,8.12008,8.49,7.24648,7.67998,9.12707,11.3876,9.5069,11.8119,15.7141
2026-02-16 00:40:00+00:00,174.1,4.5,6.61121,6.99,0.53,7.92879,8.29,7.06835,7.60431,9.12707,11.3876,9.5069,11.1998,15.7141
2026-02-16 00:50:00+00:00,181.9,3.5,6.37476,6.74,0.43,7.59404,7.94,6.86343,7.23545,9.12707,10.839,9.5069,11.1998,13.543
2026-02-16 01:00:00+00:00,182.5,3.1,6.45042,6.82,0.45,7.61317,7.96,6.73259,7.05574,9.12707,10.839,9.5069,11.1998,13.543
2026-02-16 01:10:00+00:00,183.1,3.7,7.07466,7.48,0.37,8.1392,8.51,6.75466,7.07466,8.81495,10.839,8.49308,10.865,13.543
2026-02-16 01:20:00+00:00,184.4,3.5,6.99899,7.4,0.39,7.90966,8.27,6.76097,7.07466,8.81495,10.839,8.1392,10.6068,13.543
2026-02-16 01:30:00+00:00,186.8,4.1,6.37476,6.74,0.47,7.48883,7.83,6.64747,7.07466,8.11505,10.5079,8.1392,9.69818,13.543
2026-02-16 01:40:00+00:00,185.1,4.7,6.19506,6.55,0.37,7.13495,7.46,6.57811,7.07466,8.11505,10.5079,8.1392,9.62167,13.1126
2026-02-16 01:50:00+00:00,192.7,4.5,6.35584,6.72,0.51,7.4697,7.81,6.57496,7.07466,7.97318,10.5079,8.1392,9.62167,12.8735
2026-02-16 02:00:00+00:00,199.5,3.4,6.8855,7.28,0.28,7.70881,8.06,6.64747,7.07466,7.67998,10.3945,8.1392,9.5069,12.8161
2026-02-16 02:10:00+00:00,207.4,4.8,7.11249,7.52,0.3,8.1392,8.51,6.65377,7.11249,7.67998,10.3188,8.1392,9.5069,12.8161
2026-02-16 02:20:00+00:00,223.4,12.0,6.39368,6.76,0.43,7.39319,7.73,6.55289,7.11249,7.67998,10.3188,8.1392,9.5069,12.7779
2026-02-16 02:30:00+00:00,251.4,12.1,5.01279,5.3,0.55,6.74282,7.05,6.32589,7.11249,7.67998,10.2147,8.1392,9.5069,12.1084
2026-02-16 02:40:00+00:00,272.2,3.3,6.81929,7.21,0.63,8.17746,8.55,6.42993,7.11249,7.67998,9.88371,8.17746,9.5069,12.1084
2026-02-16 02:50:00+00:00,272.2,3.3,6.98008,7.38,0.51,8.12008,8.49,6.53397,7.11249,7.60431,9.88371,8.17746,9.5069,11.9075
2026-02-16 03:00:00+00:00,272.9,3.9,7.46244,7.89,0.33,8.35918,8.74,6.63013,7.46244,7.46244,9.59051,8.35918,9.5069,11.8119
2026-02-16 03:10:00+00:00,273.0,3.8,7.44353,7.87,0.47,8.57916,8.97,6.6853,7.46244,7.46244,9.12707,8.57916,9.5069,11.8119
2026-02-16 03:20:00+00:00,271.5,3.6,8.08668,8.55,0.59,9.95642,10.41,6.96747,8.08668,8.08668,9.12707,9.95642,9.95642,11.8119
2026-02-16 03:30:00+00:00,270.9,2.6,8.1718,8.64,0.49,9.46864,9.9,7.49397,8.1718,8.1718,9.12707,9.95642,9.95642,11.8119
2026-02-16 03:40:00+00:00,267.9,4.4,7.93535,8.39,0.76,10.119,10.58,7.67998,8.1718,8.1718,9.12707,10.119,10.119,11.1998
2026-02-16 03:50:00+00:00,268.9,3.8,9.02303,9.54,0.55,11.1615,11.67,8.02047,9.02303,9.02303,9.12707,11.1615,11.1615,11.1998
2026-02-16 04:00:00+00:00,269.5,2.7,8.50283,8.99,0.59,10.2147,10.68,8.19387,9.02303,9.02303,9.12707,11.1615,11.1615,11.1998
2026-02-16 04:10:00+00:00,267.8,3.3,8.50283,8.99,0.57,10.2338,10.7,8.37042,9.02303,9.02303,9.02303,11.1615,11.1615,11.1615
2026-02-16 04:20:00+00:00,267.1,2.7,8.73928,9.24,0.53,10.2529,10.72,8.47919,9.02303,9.02303,9.02303,11.1615,11.1615,11.1615
2026-02-16 04:30:00+00:00,270.1,2.8,8.11505,8.58,0.47,9.24866,9.67,8.46973,9.02303,9.02303,9.02303,11.1615,11.1615,11.1615
2026-02-16 04:40:00+00:00,273.3,3.6,8.1718,8.64,0.39,9.19127,9.61,8.50914,9.02303,9.02303,9.02303,11.1615,11.1615,11.1615
2026-02-16 04:50:00+00:00,273.9,2.9,8.08668,8.55,0.43,9.30605,9.73,8.35308,8.73928,9.02303,9.02303,10.2529,11.1615,11.1615
2026-02-16 05:00:00+00:00,272.8,2.8,7.46244,7.89,0.41,8.71306,9.11,8.17968,8.73928,9.02303,9.02303,10.2529,11.1615,11.1615
2026-02-16 05:10:00+00:00,269.4,2.7,7.01791,7.42,0.35,8.28267,8.66,7.93219,8.73928,9.02303,9.02303,10.2529,11.1615,11.1615
2026-02-16 05:20:00+00:00,268.2,3.5,6.50717,6.88,0.26,7.90966,8.27,7.56018,8.1718,9.02303,9.02303,9.30605,11.1615,11.1615
2026-02-16 05:30:00+00:00,269.7,4.8,6.15722,6.51,0.55,7.74707,8.1,7.23387,8.1718,9.02303,9.02303,9.30605,11.1615,11.1615
2026-02-16 05:40:00+00:00,269.4,3.9,7.93535,8.39,0.88,10.5303,11.01,7.19446,8.08668,9.02303,9.02303,10.5303,11.1615,11.1615
2026-02-16 05:50:00+00:00,274.8,4.0,8.8717,9.38,0.68,10.645,11.13,7.3253,8.8717,9.02303,9.02303,10.645,11.1615,11.1615
2026-02-16 06:00:00+00:00,278.3,3.3,7.49082,7.92,0.57,9.22953,9.65,7.33003,8.8717,9.02303,9.02303,10.645,11.1615,11.1615
2026-02-16 06:10:00+00:00,281.6,3.8,7.84077,8.29,0.41,9.42082,9.85,7.46717,8.8717,9.02303,9.02303,10.645,11.1615,11.1615
2026-02-16 06:20:00+00:00,275.7,4.7,7.66106,8.1,0.47,9.12432,9.54,7.65949,8.8717,9.02303,9.02303,10.645,11.1615,11.1615
2026-02-16 06:30:00+00:00,270.8,3.9,7.60431,8.04,0.49,8.95217,9.36,7.90067,8.8717,9.02303,9.02303,10.645,11.1615,11.1615
2026-02-16 06:40:00+00:00,266.7,3.6,7.80293,8.25,0.51,9.52602,9.96,7.8786,8.8717,9.02303,9.02303,10.645,11.1615,11.1615
2026-02-16 06:50:00+00:00,264.9,3.6,7.95426,8.41,0.47,9.12432,9.54,7.72569,7.95426,9.02303,9.02303,9.52602,11.1615,11.1615
2026-02-16 07:00:00+00:00,264.3,3.8,7.5854,8.02,0.51,9.48777,9.92,7.74146,7.95426,8.8717,9.02303,9.52602,10.645,11.1615
2026-02-16 07:10:00+00:00,264.9,3.5,7.05574,7.46,0.37,8.1392,8.51,7.61062,7.95426,8.8717,9.02303,9.52602,10.645,11.1615
2026-02-16 07:20:00+00:00,264.3,3.8,6.86658,7.26,0.47,8.49308,8.88,7.47821,7.95426,8.8717,9.02303,9.52602,10.645,11.1615
2026-02-16 07:30:00+00:00,263.2,4.1,6.26126,6.62,0.45,7.37406,7.71,7.25436,7.95426,8.8717,9.02303,9.52602,10.645,11.1615
2026-02-16 07:40:00+00:00,263.0,3.7,7.27328,7.69,0.72,8.9713,9.38,7.16609,7.95426,8.8717,9.02303,9.48777,10.645,11.1615
2026-02-16 07:50:00+00:00,262.7,3.1,7.80293,8.25,0.41,9.30605,9.73,7.14087,7.80293,8.8717,9.02303,9.48777,10.645,11.1615
2026-02-16 08:00:00+00:00,260.0,3.1,7.93535,8.39,0.39,9.48777,9.92,7.19919,7.93535,8.8717,9.02303,9.48777,10.645,11.1615
2026-02-16 08:10:00+00:00,258.6,3.4,7.56648,8.0,0.49,9.04781,9.46,7.28431,7.93535,8.8717,9.02303,9.48777,10.645,11.1615
2026-02-16 08:20:00+00:00,261.7,3.2,7.52865,7.96,0.37,8.57916,8.97,7.39466,7.93535,8.8717,9.02303,9.48777,10.645,11.1615
2026-02-16 08:30:00+00:00,260.5,3.6,7.25436,7.67,0.43,8.5409,8.93,7.56017,7.93535,8.8717,9.02303,9.48777,10.645,11.1615
2026-02-16 08:40:00+00:00,263.6,3.6,7.33003,7.75,0.3,8.37831,8.76,7.56963,7.93535,8.8717,9.02303,9.48777,10.645,11.1615
2026-02-16 08:50:00+00:00,265.8,4.6,6.45042,6.82,0.59,7.92879,8.29,7.34422,7.93535,8.8717,9.02303,9.48777,10.645,11.1615
2026-02-16 09:00:00+00:00,270.9,3.9,5.45732,5.77,0.35,6.59935,6.9,6.93121,7.56648,7.95426,9.02303,9.04781,9.52602,11.1615
2026-02-16 09:10:00+00:00,266.6,3.4,5.65594,5.98,0.26,6.44633,6.74,6.61279,7.52865,7.95426,9.02303,8.57916,9.52602,11.1615
2026-02-16 09:20:00+00:00,266.6,3.4,5.93023,6.27,0.45,6.98193,7.3,6.34639,7.33003,7.95426,9.02303,8.5409,9.52602,11.1615
2026-02-16 09:30:00+00:00,265.4,3.2,6.31801,6.68,0.33,7.37406,7.71,6.19033,7.33003,7.95426,9.02303,8.37831,9.52602,11.1615
2026-02-16 09:40:00+00:00,267.4,4.1,6.00589,6.35,0.39,7.05844,7.38,5.96964,6.45042,7.95426,9.02303,7.92879,9.52602,11.1615
2026-02-16 09:50:00+00:00,266.6,3.4,6.11939,6.47,0.26,6.91498,7.23,5.91447,6.31801,7.95426,9.02303,7.37406,9.48777,11.1615
2026-02-16 10:00:00+00:00,261.9,6.7,10.1769,10.76,2.22,16.4506,17.2,6.70106,10.1769,10.1769,10.1769,16.4506,16.4506,16.4506
2026-02-16 10:10:00+00:00,267.3,4.0,10.6498,11.26,1.6,13.763,14.39,7.53338,10.6498,10.6498,10.6498,16.4506,16.4506,16.4506
2026-02-16 10:20:00+00:00,273.0,3.8,8.92845,9.44,0.63,10.5303,11.01,8.03308,10.6498,10.6498,10.6498,16.4506,16.4506,16.4506
2026-02-16 10:30:00+00:00,271.1,3.8,7.73673,8.18,0.84,9.65993,10.1,8.26953,10.6498,10.6498,10.6498,16.4506,16.4506,16.4506
2026-02-16 10:40:00+00:00,271.9,4.5,7.07466,7.48,0.43,8.57916,8.97,8.44766,10.6498,10.6498,10.6498,16.4506,16.4506,16.4506
2026-02-16 10:50:00+00:00,278.6,3.5,6.72471,7.11,0.41,8.06269,8.43,8.54855,10.6498,10.6498,10.6498,16.4506,16.4506,16.4506
2026-02-16 11:00:00+00:00,281.6,4.0,5.75052,6.08,0.59,7.29755,7.63,7.81081,10.6498,10.6498,10.6498,13.763,16.4506,16.4506
2026-02-16 11:10:00+00:00,274.9,3.9,5.34383,5.65,0.39,6.59935,6.9,6.92648,8.92845,10.6498,10.6498,10.5303,16.4506,16.4506
2026-02-16 11:20:00+00:00,274.5,3.4,4.73851,5.01,0.28,5.71944,5.98,6.22816,7.73673,10.6498,10.6498,9.65993,16.4506,16.4506
2026-02-16 11:30:00+00:00,267.3,4.0,4.75742,5.03,0.33,5.68118,5.94,5.73161,7.07466,10.6498,10.6498,8.57916,16.4506,16.4506
2026-02-16 11:40:00+00:00,260.2,3.7,5.40058,5.71,0.43,6.70456,7.01,5.4526,6.72471,10.6498,10.6498,8.06269,16.4506,16.4506
2026-02-16 11:50:00+00:00,257.8,3.0,6.04373,6.39,0.28,6.78108,7.09,5.3391,6.04373,10.6498,10.6498,7.29755,16.4506,16.4506
2026-02-16 12:00:00+00:00,262.8,5.2,6.28018,6.64,0.47,7.98618,8.35,5.42737,6.28018,10.6498,10.6498,7.98618,16.4506,16.4506
2026-02-16 12:10:00+00:00,280.3,6.7,7.19761,7.61,0.74,9.48777,9.92,5.73634,7.19761,10.6498,10.6498,9.48777,16.4506,16.4506
2026-02-16 12:20:00+00:00,285.9,3.0,7.99209,8.45,0.55,9.69818,10.14,6.2786,7.99209,10.6498,10.6498,9.69818,16.4506,16.4506
2026-02-16 12:30:00+00:00,283.0,3.9,7.1787,7.59,0.47,8.85653,9.26,6.68215,7.99209,10.6498,10.6498,9.69818,16.4506,16.4506
2026-02-16 12:40:00+00:00,283.3,3.4,7.84077,8.29,0.49,9.06694,9.48,7.08885,7.99209,10.6498,10.6498,9.69818,16.4506,16.4506
2026-02-16 12:50:00+00:00,283.4,4.2,8.06776,8.53,0.45,9.62167,10.06,7.42619,8.06776,10.6498,10.6498,9.69818,16.4506,16.4506
2026-02-16 13:00:00+00:00,284.3,4.2,7.40569,7.83,0.51,8.9713,9.38,7.61377,8.06776,10.6498,10.6498,9.69818,16.4506,16.4506
2026-02-16 13:10:00+00:00,284.1,3.8,7.49082,7.92,0.51,9.04781,9.46,7.66264,8.06776,10.6498,10.6498,9.69818,13.763,16.4506
2026-02-16 13:20:00+00:00,281.1,4.2,7.71781,8.16,0.43,8.9713,9.38,7.61692,8.06776,8.92845,10.6498,9.62167,10.5303,16.4506
2026-02-16 13:30:00+00:00,280.1,4.0,8.02993,8.49,0.59,9.78426,10.23,7.7588,8.06776,8.06776,10.6498,9.78426,9.78426,16.4506
2026-02-16 13:40:00+00:00,282.4,3.9,8.44608,8.93,0.49,9.69818,10.14,7.85968,8.44608,8.44608,10.6498,9.78426,9.78426,16.4506
2026-02-16 13:50:00+00:00,280.4,3.2,8.79603,9.3,0.51,10.3677,10.84,7.98106,8.79603,8.79603,10.6498,10.3677,10.3677,16.4506
2026-02-16 14:00:00+00:00,280.4,3.2,8.22855,8.7,0.45,9.54515,9.98,8.1182,8.79603,8.79603,10.6498,10.3677,10.3677,16.4506
2026-02-16 14:10:00+00:00,290.5,5.1,7.91643,8.37,0.57,9.67905,10.12,8.18914,8.79603,8.79603,10.6498,10.3677,10.3677,16.4506
2026-02-16 14:20:00+00:00,303.8,5.6,8.22855,8.7,1.09,11.1615,11.67,8.27426,8.79603,8.79603,10.6498,11.1615,11.1615,16.4506
2026-02-16 14:30:00+00:00,296.7,6.7,5.98698,6.33,0.43,7.19234,7.52,7.93377,8.79603,8.79603,10.6498,11.1615,11.1615,16.4506
2026-02-16 14:40:00+00:00,282.6,4.0,6.90441,7.3,0.66,8.91391,9.32,7.67683,8.79603,8.79603,10.6498,11.1615,11.1615,16.4506
2026-02-16 14:50:00+00:00,286.4,2.9,7.8786,8.33,0.43,9.38256,9.81,7.52392,8.22855,8.79603,10.6498,11.1615,11.1615,16.4506
2026-02-16 15:00:00+00:00,283.9,3.8,7.42461,7.85,0.45,8.9713,9.38,7.38993,8.22855,8.79603,10.6498,11.1615,11.1615,16.4506
2026-02-16 15:10:00+00:00,283.0,3.6,7.09358,7.5,0.35,8.37831,8.76,7.25279,8.22855,8.79603,10.6498,11.1615,11.1615,16.4506
2026-02-16 15:20:00+00:00,279.9,3.7,7.25436,7.67,0.53,8.85653,9.26,7.09042,7.8786,8.79603,10.6498,9.38256,11.1615,16.4506
2026-02-16 15:30:00+00:00,283.5,5.0,7.60431,8.04,1.36,10.9798,11.48,7.35998,7.8786,8.79603,10.6498,10.9798,11.1615,16.4506
2026-02-16 15:40:00+00:00,279.6,5.2,8.61633,9.11,1.91,13.017,13.61,7.6453,8.61633,8.79603,10.6498,13.017,13.017,16.4506
2026-02-16 15:50:00+00:00,268.7,3.7,5.75052,6.08,0.49,6.91498,7.23,7.29062,8.61633,8.79603,10.6498,13.017,13.017,16.4506
2026-02-16 16:00:00+00:00,282.2,7.0,5.47624,5.79,0.37,6.62805,6.93,6.96589,8.61633,8.79603,10.6498,13.017,13.017,16.4506
2026-02-16 16:10:00+00:00,293.7,3.4,6.35584,6.72,0.43,7.70881,8.06,6.84294,8.61633,8.79603,10.6498,13.017,13.017,13.763
2026-02-16 16:20:00+00:00,295.7,4.7,7.54756,7.98,1.48,13.1891,13.79,6.8918,8.61633,8.79603,8.92845,13.1891,13.1891,13.1891
2026-02-16 16:30:00+00:00,292.6,8.7,8.8717,9.38,1.65,13.1891,13.79,7.10303,8.8717,8.8717,8.8717,13.1891,13.1891,13.1891
2026-02-16 16:40:00+00:00,302.5,4.8,6.15722,6.51,0.51,8.5409,8.93,6.69318,8.8717,8.8717,8.8717,13.1891,13.1891,13.1891
2026-02-16 16:50:00+00:00,301.2,3.5,5.38166,5.69,0.24,6.11158,6.39,6.6317,8.8717,8.8717,8.8717,13.1891,13.1891,13.1891
2026-02-16 17:00:00+00:00,302.0,3.3,5.86402,6.2,0.26,6.81933,7.13,6.69634,8.8717,8.8717,8.8717,13.1891,13.1891,13.1891
2026-02-16 17:10:00+00:00,308.7,4.1,6.13831,6.49,0.47,7.61317,7.96,6.66008,8.8717,8.8717,8.8717,13.1891,13.1891,13.1891
2026-02-16 17:20:00+00:00,303.5,4.3,5.41949,5.73,0.35,6.44633,6.74,6.3054,8.8717,8.8717,8.8717,13.1891,13.1891,13.1891
2026-02-16 17:30:00+00:00,301.7,2.8,5.14521,5.44,0.2,5.70031,5.96,5.68432,6.15722,8.8717,8.8717,8.5409,13.1891,13.1891
2026-02-16 17:40:00+00:00,306.4,3.0,5.01279,5.3,0.26,5.79596,6.06,5.49358,6.13831,8.8717,8.8717,7.61317,13.1891,13.1891
2026-02-16 17:50:00+00:00,305.0,3.5,5.32491,5.63,0.24,6.18809,6.47,5.48412,6.13831,8.8717,8.8717,7.61317,13.1891,13.1891
2026-02-16 18:00:00+00:00,294.7,4.0,4.57772,4.84,0.3,5.53772,5.79,5.26974,6.13831,8.8717,8.8717,7.61317,13.1891,13.1891
2026-02-16 18:10:00+00:00,298.8,4.3,4.90875,5.19,0.35,6.01593,6.29,5.06481,5.41949,8.8717,8.8717,6.44633,13.1891,13.1891
2026-02-16 18:20:00+00:00,298.2,3.2,5.06954,5.36,0.18,5.73857,6.0,5.00649,5.32491,8.8717,8.8717,6.18809,13.1891,13.1891
2026-02-16 18:30:00+00:00,301.9,3.9,4.73851,5.01,0.28,5.57598,5.83,4.9387,5.32491,8.8717,8.8717,6.18809,13.1891,13.1891
2026-02-16 18:40:00+00:00,300.7,3.7,5.34383,5.65,0.26,6.14983,6.43,4.99388,5.34383,8.8717,8.8717,6.18809,13.1891,13.1891
2026-02-16 18:50:00+00:00,299.0,4.6,4.9655,5.25,0.39,6.03506,6.31,4.93398,5.34383,8.8717,8.8717,6.14983,13.1891,13.1891
2026-02-16 19:00:00+00:00,302.7,4.2,5.22087,5.52,0.35,6.26461,6.55,5.04117,5.34383,8.8717,8.8717,6.26461,13.1891,13.1891
2026-02-16 19:10:00+00:00,306.9,3.5,5.47624,5.79,0.35,6.35068,6.64,5.13575,5.47624,8.8717,8.8717,6.35068,13.1891,13.1891
2026-02-16 19:20:00+00:00,308.9,3.6,5.30599,5.61,0.28,6.07332,6.35,5.17516,5.47624,8.8717,8.8717,6.35068,13.1891,13.1891
2026-02-16 19:30:00+00:00,308.7,3.3,6.08156,6.43,0.33,7.00105,7.32,5.399,6.08156,8.8717,8.8717,7.00105,13.1891,13.1891
2026-02-16 19:40:00+00:00,307.2,3.5,6.04373,6.39,0.26,6.76195,7.07,5.51565,6.08156,6.15722,8.8717,7.00105,8.5409,13.1891
2026-02-16 19:50:00+00:00,305.1,3.8,5.80727,6.14,0.37,6.94367,7.26,5.65594,6.08156,6.13831,8.8717,7.00105,7.61317,13.1891
2026-02-16 20:00:00+00:00,301.2,4.0,6.13831,6.49,0.26,6.91498,7.23,5.80885,6.13831,6.13831,8.8717,7.00105,7.61317,13.1891
2026-02-16 20:10:00+00:00,298.1,2.6,6.33693,6.7,0.3,7.41232,7.75,5.9523,6.33693,6.33693,8.8717,7.41232,7.61317,13.1891
2026-02-16 20:20:00+00:00,300.5,2.8,6.13831,6.49,0.24,7.05844,7.38,6.09102,6.33693,6.33693,8.8717,7.41232,7.41232,13.1891
2026-02-16 20:30:00+00:00,297.7,2.8,6.17614,6.53,0.22,7.0967,7.42,6.10678,6.33693,6.33693,8.8717,7.41232,7.41232,13.1891
2026-02-16 20:40:00+00:00,298.4,11.9,9.18382,9.71,1.93,13.17,13.77,6.63013,9.18382,9.18382,9.18382,13.17,13.17,13.1891
2026-02-16 20:50:00+00:00,328.3,5.7,8.22855,8.7,2.26,12.8353,13.42,7.03367,9.18382,9.18382,9.18382,13.17,13.17,13.1891
2026-02-16 21:00:00+00:00,311.5,6.2,5.53299,5.85,0.45,6.6663,6.97,6.93279,9.18382,9.18382,9.18382,13.17,13.17,13.1891
2026-02-16 21:10:00+00:00,308.1,2.8,4.42639,4.68,0.2,5.00212,5.23,6.61437,9.18382,9.18382,9.18382,13.17,13.17,13.1891
2026-02-16 21:20:00+00:00,299.7,4.9,3.89674,4.12,0.35,4.88735,5.11,6.24077,9.18382,9.18382,9.18382,13.17,13.17,13.1891
2026-02-16 21:30:00+00:00,283.0,3.9,3.87782,4.1,0.26,4.47608,4.68,5.85772,9.18382,9.18382,9.18382,13.17,13.17,13.1891
2026-02-16 21:40:00+00:00,281.1,11.5,4.70068,4.97,1.27,10.1955,10.66,5.11053,8.22855,9.18382,9.18382,12.8353,13.17,13.1891
2026-02-16 21:50:00+00:00,324.2,5.2,7.25436,7.67,1.29,12.3092,12.87,4.94816,7.25436,9.18382,9.18382,12.3092,13.17,13.1891
2026-02-16 22:00:00+00:00,314.5,4.7,7.40569,7.83,0.49,8.93304,9.34,5.26028,7.40569,9.18382,9.18382,12.3092,13.17,13.1891
2026-02-16 22:10:00+00:00,311.5,4.0,6.41259,6.78,0.45,7.89053,8.25,5.59131,7.40569,9.18382,9.18382,12.3092,13.17,13.1891
2026-02-16 22:20:00+00:00,302.3,4.3,6.21397,6.57,0.35,7.13495,7.46,5.97752,7.40569,9.18382,9.18382,12.3092,13.17,13.1891
2026-02-16 22:30:00+00:00,301.0,4.9,5.63703,5.96,0.33,6.70456,7.01,6.27072,7.40569,9.18382,9.18382,12.3092,13.17,13.1891
2026-02-16 22:40:00+00:00,304.9,3.2,5.76944,6.1,0.37,6.70456,7.01,6.44885,7.40569,9.18382,9.18382,12.3092,13.17,13.17
2026-02-16 22:50:00+00:00,309.9,3.6,5.63703,5.96,0.39,6.70456,7.01,6.17929,7.40569,9.18382,9.18382,8.93304,13.17,13.17
2026-02-16 23:00:00+00:00,313.0,5.5,4.90875,5.19,0.3,5.96811,6.24,5.76314,6.41259,9.18382,9.18382,7.89053,13.17,13.17
2026-02-16 23:10:00+00:00,311.2,3.7,5.05063,5.34,0.24,5.87247,6.14,5.53614,6.21397,9.18382,9.18382,7.13495,13.17,13.17
2026-02-16 23:20:00+00:00,310.3,4.8,5.88294,6.22,0.92,7.78533,8.14,5.48097,5.88294,9.18382,9.18382,7.78533,13.17,13.17
2026-02-16 23:30:00+00:00,311.6,4.1,6.86658,7.26,0.41,7.92879,8.29,5.68589,6.86658,9.18382,9.18382,7.92879,13.17,13.17
2026-02-16 23:40:00+00:00,307.7,3.8,6.39368,6.76,0.39,7.3358,7.67,5.78993,6.86658,9.18382,9.18382,7.92879,13.17,13.17
2026-02-16 23:50:00+00:00,305.0,2.4,5.53299,5.85,0.2,6.11158,6.39,5.77259,6.86658,8.22855,9.18382,7.92879,12.8353,13.17
2026-02-17 00:00:00+00:00,308.5,3.8,4.83309,5.11,0.33,5.79596,6.06,5.75998,6.86658,7.40569,9.18382,7.92879,12.3092,13.17
2026-02-17 00:10:00+00:00,306.6,2.8,4.32235,4.57,0.18,4.98299,5.21,5.6386,6.86658,7.40569,9.18382,7.92879,12.3092,13.17
2026-02-17 00:20:00+00:00,309.5,3.9,5.01279,5.3,0.45,6.07332,6.35,5.49358,6.86658,7.40569,9.18382,7.92879,12.3092,13.17
2026-02-17 00:30:00+00:00,301.7,5.4,5.38166,5.69,0.2,6.14983,6.43,5.24609,6.39368,7.40569,9.18382,7.3358,12.3092,13.17
2026-02-17 00:40:00+00:00,297.1,3.0,5.30599,5.61,0.18,5.7577,6.02,5.06481,5.53299,7.40569,9.18382,6.14983,12.3092,13.17
2026-02-17 00:50:00+00:00,294.5,2.9,4.81417,5.09,0.22,5.71944,5.98,4.94501,5.38166,7.40569,9.18382,6.14983,12.3092,13.17
2026-02-17 01:00:00+00:00,293.8,4.0,4.9655,5.25,0.26,5.83421,6.1,4.96708,5.38166,7.40569,9.18382,6.14983,8.93304,13.17
2026-02-17 01:10:00+00:00,302.5,5.9,5.76944,6.1,0.41,6.87672,7.19,5.20826,5.76944,6.86658,9.18382,6.87672,7.92879,13.17
2026-02-17 01:20:00+00:00,310.1,4.6,6.11939,6.47,0.66,7.82358,8.18,5.39269,6.11939,6.86658,9.18382,7.82358,7.92879,13.17
2026-02-17 01:30:00+00:00,301.8,5.5,5.96806,6.31,0.99,7.96705,8.33,5.49043,6.11939,6.86658,9.18382,7.96705,7.96705,13.17
2026-02-17 01:40:00+00:00,291.8,3.8,4.68176,4.95,0.2,5.49946,5.75,5.38639,6.11939,6.86658,9.18382,7.96705,7.96705,13.17
2026-02-17 01:50:00+00:00,287.9,3.5,5.41949,5.73,0.55,6.5611,6.86,5.48727,6.11939,6.86658,9.18382,7.96705,7.96705,13.17
2026-02-17 02:00:00+00:00,294.3,4.3,6.5923,6.97,0.63,8.1392,8.51,5.75841,6.5923,6.86658,9.18382,8.1392,8.1392,13.17
2026-02-17 02:10:00+00:00,293.0,5.6,8.32313,8.8,1.01,10.6259,11.11,6.18402,8.32313,8.32313,9.18382,10.6259,10.6259,13.17
2026-02-17 02:20:00+00:00,283.9,4.5,7.95426,8.41,0.88,10.1764,10.64,6.48983,8.32313,8.32313,9.18382,10.6259,10.6259,13.17
2026-02-17 02:30:00+00:00,288.2,4.2,7.44353,7.87,0.39,8.63655,9.03,6.73574,8.32313,8.32313,9.18382,10.6259,10.6259,13.17
2026-02-17 02:40:00+00:00,290.0,3.9,7.27328,7.69,0.37,8.37831,8.76,7.16766,8.32313,8.32313,9.18382,10.6259,10.6259,13.17
2026-02-17 02:50:00+00:00,287.8,3.9,6.64904,7.03,0.53,8.06269,8.43,7.37259,8.32313,8.32313,8.32313,10.6259,10.6259,12.8353
2026-02-17 03:00:00+00:00,283.2,3.7,6.10047,6.45,0.39,7.21147,7.54,7.29062,8.32313,8.32313,8.32313,10.6259,10.6259,12.3092
2026-02-17 03:10:00+00:00,282.8,3.3,6.11939,6.47,0.49,7.45058,7.79,6.92333,7.95426,8.32313,8.32313,10.1764,10.6259,12.3092
2026-02-17 03:20:00+00:00,283.7,6.1,8.42717,8.91,2.37,13.4856,14.1,7.00215,8.42717,8.42717,8.42717,13.4856,13.4856,13.4856
2026-02-17 03:30:00+00:00,288.0,5.2,9.77022,10.33,0.72,11.8693,12.41,7.38993,9.77022,9.77022,9.77022,13.4856,13.4856,13.4856
2026-02-17 03:40:00+00:00,280.9,2.9,7.33003,7.75,0.7,9.42082,9.85,7.39939,9.77022,9.77022,9.77022,13.4856,13.4856,13.4856
2026-02-17 03:50:00+00:00,277.6,3.5,6.43151,6.8,0.35,7.37406,7.71,7.36313,9.77022,9.77022,9.77022,13.4856,13.4856,13.4856
2026-02-17 04:00:00+00:00,288.6,12.1,7.82185,8.27,1.73,11.5728,12.1,7.65003,9.77022,9.77022,9.77022,13.4856,13.4856,13.4856
2026-02-17 04:10:00+00:00,322.0,6.3,6.83821,7.23,0.8,9.04781,9.46,7.76983,9.77022,9.77022,9.77022,13.4856,13.4856,13.4856
2026-02-17 04:20:00+00:00,318.5,4.0,5.80727,6.14,0.28,6.70456,7.01,7.33318,9.77022,9.77022,9.77022,11.8693,13.4856,13.4856
2026-02-17 04:30:00+00:00,314.7,4.1,5.76944,6.1,0.33,6.89585,7.21,6.66638,7.82185,9.77022,9.77022,11.5728,13.4856,13.4856
2026-02-17 04:40:00+00:00,312.3,3.9,5.41949,5.73,0.28,6.52284,6.82,6.34796,7.82185,9.77022,9.77022,11.5728,13.4856,13.4856
2026-02-17 04:50:00+00:00,324.4,6.8,6.11939,6.47,0.41,7.19234,7.52,6.29594,7.82185,9.77022,9.77022,11.5728,13.4856,13.4856
2026-02-17 05:00:00+00:00,337.4,5.0,6.68688,7.07,1.13,10.0521,10.51,6.10678,6.83821,9.77022,9.77022,10.0521,13.4856,13.4856
2026-02-17 05:10:00+00:00,352.8,4.4,7.46244,7.89,1.27,10.1381,10.6,6.21082,7.46244,9.77022,9.77022,10.1381,13.4856,13.4856
2026-02-17 05:20:00+00:00,355.4,3.3,6.19506,6.55,0.35,7.27842,7.61,6.27545,7.46244,9.77022,9.77022,10.1381,13.4856,13.4856
2026-02-17 05:30:00+00:00,348.5,5.9,5.36274,5.67,0.43,6.4272,6.72,6.20767,7.46244,9.77022,9.77022,10.1381,13.4856,13.4856
2026-02-17 05:40:00+00:00,337.8,4.8,7.84077,8.29,1.34,10.5303,11.01,6.61121,7.84077,9.77022,9.77022,10.5303,13.4856,13.4856
2026-02-17 05:50:00+00:00,340.6,3.4,8.79603,9.3,0.61,10.4538,10.93,7.05732,8.79603,9.77022,9.77022,10.5303,13.4856,13.4856
2026-02-17 06:00:00+00:00,341.5,4.2,8.48392,8.97,0.68,10.6259,11.11,7.35683,8.79603,9.77022,9.77022,10.6259,13.4856,13.4856
2026-02-17 06:10:00+00:00,344.7,4.3,8.01101,8.47,0.7,9.84165,10.29,7.44825,8.79603,9.77022,9.77022,10.6259,13.4856,13.4856
2026-02-17 06:20:00+00:00,342.3,5.2,9.1649,9.69,1.21,12.1658,12.72,7.94323,9.1649,9.77022,9.77022,12.1658,13.4856,13.4856
2026-02-17 06:30:00+00:00,335.1,3.7,8.26638,8.74,0.57,9.99467,10.45,8.42717,9.1649,9.77022,9.77022,12.1658,12.1658,13.4856
2026-02-17 06:40:00+00:00,329.8,4.1,8.71091,9.21,0.74,10.7885,11.28,8.57219,9.1649,9.1649,9.77022,12.1658,12.1658,13.4856
2026-02-17 06:50:00+00:00,330.3,3.7,9.7513,10.31,0.63,11.7354,12.27,8.7314,9.7513,9.7513,9.77022,12.1658,12.1658,13.4856
2026-02-17 07:00:00+00:00,324.9,5.4,9.92155,10.49,1.15,12.8735,13.46,8.97101,9.92155,9.92155,9.92155,12.8735,12.8735,13.4856
2026-02-17 07:10:00+00:00,319.3,4.6,10.943,11.57,1.48,13.9065,14.54,9.45968,10.943,10.943,10.943,13.9065,13.9065,13.9065
2026-02-17 07:20:00+00:00,319.5,5.0,10.1013,10.68,1.19,13.0361,13.63,9.61574,10.943,10.943,10.943,13.9065,13.9065,13.9065
2026-02-17 07:30:00+00:00,305.8,5.2,10.1391,10.72,1.13,12.9118,13.5,9.92785,10.943,10.943,10.943,13.9065,13.9065,13.9065
2026-02-17 07:40:00+00:00,305.2,4.0,8.92845,9.44,0.84,11.7928,12.33,9.96411,10.943,10.943,10.943,13.9065,13.9065,13.9065
2026-02-17 07:50:00+00:00,305.3,4.4,10.2337,10.82,1.19,12.7205,13.3,10.0445,10.943,10.943,10.943,13.9065,13.9065,13.9065
2026-02-17 08:00:00+00:00,307.3,3.7,12.0685,12.76,0.99,13.9639,14.6,10.4023,12.0685,12.0685,12.0685,13.9639,13.9639,13.9639
2026-02-17 08:10:00+00:00,307.2,4.8,11.1889,11.83,1.15,14.6716,15.34,10.4433,12.0685,12.0685,12.0685,14.6716,14.6716,14.6716
2026-02-17 08:20:00+00:00,303.4,4.0,11.955,12.64,1.09,14.576,15.24,10.7523,12.0685,12.0685,12.0685,14.6716,14.6716,14.6716
2026-02-17 08:30:00+00:00,303.9,4.0,11.4065,12.06,0.86,13.6865,14.31,10.9635,12.0685,12.0685,12.0685,14.6716,14.6716,14.6716
2026-02-17 08:40:00+00:00,299.7,4.2,11.2551,11.9,1.05,13.5908,14.21,11.3513,12.0685,12.0685,12.0685,14.6716,14.6716,14.6716
2026-02-17 08:50:00+00:00,302.7,5.3,10.8579,11.48,0.96,14.3369,14.99,11.4553,12.0685,12.0685,12.0685,14.6716,14.6716,14.6716
2026-02-17 09:00:00+00:00,303.1,4.7,9.71347,10.27,1.15,13.39,14.0,11.0628,11.955,12.0685,12.0685,14.6716,14.6716,14.6716
2026-02-17 09:10:00+00:00,298.7,5.7,10.943,11.57,1.83,15.0637,15.75,11.0218,11.955,12.0685,12.0685,15.0637,15.0637,15.0637
2026-02-17 09:20:00+00:00,311.4,11.1,11.624,12.29,1.05,14.7673,15.44,10.9667,11.624,12.0685,12.0685,15.0637,15.0637,15.0637
2026-02-17 09:30:00+00:00,315.0,5.3,11.974,12.66,1.17,14.8916,15.57,11.0612,11.974,12.0685,12.0685,15.0637,15.0637,15.0637
2026-02-17 09:40:00+00:00,323.2,5.3,11.8132,12.49,1.13,14.7864,15.46,11.1543,11.974,12.0685,12.0685,15.0637,15.0637,15.0637
2026-02-17 09:50:00+00:00,322.4,4.9,11.8321,12.51,1.15,15.4176,16.12,11.3166,11.974,12.0685,12.0685,15.4176,15.4176,15.4176
2026-02-17 10:00:00+00:00,324.1,5.4,12.2482,12.95,1.17,15.0064,15.69,11.7391,12.2482,12.2482,12.2482,15.4176,15.4176,15.4176
2026-02-17 10:10:00+00:00,319.2,5.2,13.7048,14.49,1.83,18.1243,18.95,12.1994,13.7048,13.7048,13.7048,18.1243,18.1243,18.1243
2026-02-17 10:20:00+00:00,316.9,4.9,13.998,14.8,1.25,17.2157,18.0,12.595,13.998,13.998,13.998,18.1243,18.1243,18.1243
2026-02-17 10:30:00+00:00,320.1,4.9,13.8845,14.68,1.05,16.6992,17.46,12.9135,13.998,13.998,13.998,18.1243,18.1243,18.1243
2026-02-17 10:40:00+00:00,314.4,5.8,13.1278,13.88,1.19,16.3836,17.13,13.1326,13.998,13.998,13.998,18.1243,18.1243,18.1243
2026-02-17 10:50:00+00:00,318.7,5.1,14.8398,15.69,1.6,19.1286,20.0,13.6339,14.8398,14.8398,14.8398,19.1286,19.1286,19.1286
2026-02-17 11:00:00+00:00,316.3,5.1,11.1133,11.75,0.78,13.983,14.62,13.4447,14.8398,14.8398,14.8398,19.1286,19.1286,19.1286
2026-02-17 11:10:00+00:00,313.4,5.0,11.0187,11.65,1.52,14.7673,15.44,12.997,14.8398,14.8398,14.8398,19.1286,19.1286,19.1286
2026-02-17 11:20:00+00:00,313.0,4.9,12.0875,12.78,0.99,15.2837,15.98,12.6786,14.8398,14.8398,14.8398,19.1286,19.1286,19.1286
2026-02-17 11:30:00+00:00,321.6,7.2,13.1468,13.9,1.27,16.3645,17.11,12.5556,14.8398,14.8398,14.8398,19.1286,19.1286,19.1286
2026-02-17 11:40:00+00:00,313.1,4.9,12.2293,12.93,1.36,16.1541,16.89,12.4059,14.8398,14.8398,14.8398,19.1286,19.1286,19.1286
2026-02-17 11:50:00+00:00,316.1,5.2,11.974,12.66,1.11,15.1498,15.84,11.9282,13.1468,14.8398,14.8398,16.3645,19.1286,19.1286
2026-02-17 12:00:00+00:00,319.2,4.7,12.9671,13.71,1.46,17.3305,18.12,12.2372,13.1468,14.8398,14.8398,17.3305,19.1286,19.1286
2026-02-17 12:10:00+00:00,321.8,5.1,15.918,16.83,1.56,19.7215,20.62,13.0538,15.918,15.918,15.918,19.7215,19.7215,19.7215
2026-02-17 12:20:00+00:00,318.5,4.6,13.2224,13.98,1.21,16.4123,17.16,13.2429,15.918,15.918,15.918,19.7215,19.7215,19.7215
2026-02-17 12:30:00+00:00,318.3,5.3,13.0427,13.79,0.92,15.5802,16.29,13.2256,15.918,15.918,15.918,19.7215,19.7215,19.7215
2026-02-17 12:40:00+00:00,322.7,4.3,12.9671,13.71,1.17,16.1541,16.89,13.3485,15.918,15.918,15.918,19.7215,19.7215,19.7215
2026-02-17 13:00:00+00:00,315.3,4.7,12.9292,13.67,0.94,16.1923,16.93,13.4557,15.918,15.918,15.918,19.7215,19.7215,19.7215
2026-02-17 13:10:00+00:00,321.0,7.3,13.3927,14.16,1.69,17.7896,18.6,13.0348,13.3927,15.918,15.918,17.7896,19.7215,19.7215
2026-02-17 13:20:00+00:00,322.2,6.2,11.5862,12.25,0.96,14.7481,15.42,12.7621,13.3927,15.918,15.918,17.7896,19.7215,19.7215
2026-02-17 13:30:00+00:00,322.3,8.4,13.7048,14.49,2.51,19.7981,20.7,12.8725,13.7048,15.918,15.918,19.7981,19.7981,19.7981
2026-02-17 13:40:00+00:00,331.1,5.9,12.3428,13.05,1.15,15.2646,15.96,12.7684,13.7048,15.918,15.918,19.7981,19.7981,19.7981
2026-02-17 13:50:00+00:00,321.4,5.0,12.7117,13.44,1.44,16.9957,17.77,12.7779,13.7048,15.918,15.918,19.7981,19.7981,19.7981
2026-02-17 14:00:00+00:00,326.5,8.2,14.4898,15.32,1.5,18.2008,19.03,13.038,14.4898,15.918,15.918,19.7981,19.7981,19.7981
2026-02-17 14:10:00+00:00,326.8,5.4,11.6808,12.35,1.15,14.5568,15.22,12.7527,14.4898,15.918,15.918,19.7981,19.7981,19.7981
2026-02-17 14:20:00+00:00,322.8,5.9,12.2672,12.97,1.29,16.1923,16.93,12.8662,14.4898,15.918,15.918,19.7981,19.7981,19.7981
2026-02-17 14:30:00+00:00,317.2,5.4,11.5673,12.23,1.07,14.9298,15.61,12.5099,14.4898,15.918,15.918,18.2008,19.7981,19.7981
2026-02-17 14:40:00+00:00,314.6,5.3,12.6171,13.34,1.03,15.4368,16.14,12.5556,14.4898,15.918,15.918,18.2008,19.7981,19.7981
2026-02-17 14:50:00+00:00,315.9,5.7,13.0427,13.79,1.42,16.6992,17.46,12.6108,14.4898,15.918,15.918,18.2008,19.7981,19.7981
2026-02-17 15:00:00+00:00,311.2,6.0,12.636,13.36,1.56,16.1541,16.89,12.3018,13.0427,15.918,15.918,16.6992,19.7981,19.7981
2026-02-17 15:10:00+00:00,309.3,4.9,13.3927,14.16,1.21,16.881,17.65,12.5872,13.3927,15.918,15.918,16.881,19.7981,19.7981
2026-02-17 15:20:00+00:00,303.6,4.8,13.6859,14.47,1.27,16.4506,17.2,12.8236,13.6859,14.4898,15.918,16.881,19.7981,19.7981
2026-02-17 15:30:00+00:00,310.5,5.5,16.2301,17.16,1.83,20.6493,21.59,13.6007,16.2301,16.2301,16.2301,20.6493,20.6493,20.6493
2026-02-17 15:40:00+00:00,323.5,5.9,15.5775,16.47,1.19,18.9373,19.8,14.0941,16.2301,16.2301,16.2301,20.6493,20.6493,20.6493
2026-02-17 15:50:00+00:00,325.8,4.2,11.9361,12.62,1.36,14.9298,15.61,13.9097,16.2301,16.2301,16.2301,20.6493,20.6493,20.6493
2026-02-17 16:00:00+00:00,317.8,5.1,11.4065,12.06,1.11,14.6716,15.34,13.7048,16.2301,16.2301,16.2301,20.6493,20.6493,20.6493
2026-02-17 16:10:00+00:00,319.0,5.4,11.3497,12.0,1.15,14.1551,14.8,13.3643,16.2301,16.2301,16.2301,20.6493,20.6493,20.6493
2026-02-17 16:20:00+00:00,329.0,5.3,11.624,12.29,1.17,14.0404,14.68,13.0207,16.2301,16.2301,16.2301,20.6493,20.6493,20.6493
2026-02-17 16:30:00+00:00,330.2,4.5,11.3119,11.96,0.92,14.0595,14.7,12.2009,15.5775,16.2301,16.2301,18.9373,20.6493,20.6493
2026-02-17 16:40:00+00:00,328.5,4.5,12.2104,12.91,1.34,14.9107,15.59,11.6398,12.2104,16.2301,16.2301,14.9298,20.6493,20.6493
2026-02-17 16:50:00+00:00,333.2,5.8,13.5535,14.33,1.62,17.7704,18.58,11.9093,13.5535,16.2301,16.2301,17.7704,20.6493,20.6493
2026-02-17 17:00:00+00:00,321.5,6.1,10.4134,11.01,1.32,13.6674,14.29,11.7438,13.5535,16.2301,16.2301,17.7704,20.6493,20.6493
2026-02-17 17:10:00+00:00,330.1,3.9,11.293,11.94,1.71,14.3369,14.99,11.7344,13.5535,16.2301,16.2301,17.7704,20.6493,20.6493
2026-02-17 17:20:00+00:00,329.0,4.5,12.5036,13.22,1.05,14.8916,15.57,11.881,13.5535,16.2301,16.2301,17.7704,20.6493,20.6493
2026-02-17 17:30:00+00:00,327.5,4.4,11.4065,12.06,0.78,13.6674,14.29,11.8967,13.5535,16.2301,16.2301,17.7704,20.6493,20.6493
2026-02-17 17:40:00+00:00,332.7,6.1,11.1322,11.77,0.88,13.543,14.16,11.717,13.5535,16.2301,16.2301,17.7704,20.6493,20.6493
2026-02-17 17:50:00+00:00,338.7,4.5,11.7186,12.39,1.09,14.8055,15.48,11.4112,12.5036,16.2301,16.2301,14.8916,20.6493,20.6493
2026-02-17 18:00:00+00:00,331.1,5.3,11.6429,12.31,0.86,13.763,14.39,11.6161,12.5036,16.2301,16.2301,14.8916,20.6493,20.6493
2026-02-17 18:10:00+00:00,334.9,5.3,11.6997,12.37,1.07,14.3942,15.05,11.6839,12.5036,16.2301,16.2301,14.8916,20.6493,20.6493
2026-02-17 18:20:00+00:00,342.3,4.4,13.1278,13.88,1.25,16.0967,16.83,11.7879,13.1278,16.2301,16.2301,16.0967,20.6493,20.6493
2026-02-17 18:30:00+00:00,342.1,4.7,12.7117,13.44,1.23,15.6185,16.33,12.0055,13.1278,16.2301,16.2301,16.0967,20.6493,20.6493
2026-02-17 18:40:00+00:00,340.8,5.4,12.1442,12.84,1.34,15.0064,15.69,12.1742,13.1278,15.5775,16.2301,16.0967,18.9373,20.6493
2026-02-17 18:50:00+00:00,337.5,4.6,13.1657,13.92,1.01,16.068,16.8,12.4153,13.1657,13.5535,16.2301,16.0967,17.7704,20.6493
2026-02-17 19:00:00+00:00,340.5,5.8,12.0307,12.72,1.21,15.4176,16.12,12.48,13.1657,13.5535,16.2301,16.0967,17.7704,20.6493
2026-02-17 19:10:00+00:00,346.2,4.9,11.5673,12.23,1.15,13.763,14.39,12.4579,13.1657,13.5535,16.2301,16.0967,17.7704,20.6493
2026-02-17 19:20:00+00:00,343.1,5.0,11.501,12.16,1.25,14.3369,14.99,12.1868,13.1657,13.5535,16.2301,16.068,17.7704,20.6493
2026-02-17 19:30:00+00:00,341.3,5.7,12.2482,12.95,0.9,14.6525,15.32,12.1095,13.1657,13.5535,16.2301,16.068,17.7704,20.6493
2026-02-17 19:40:00+00:00,344.6,6.4,11.1511,11.79,1.05,14.1743,14.82,11.944,13.1657,13.5535,16.2301,16.068,17.7704,20.6493
2026-02-17 19:50:00+00:00,346.3,6.1,11.624,12.29,1.11,14.1169,14.76,11.6871,12.2482,13.5535,16.2301,15.4176,17.7704,20.6493
2026-02-17 20:00:00+00:00,342.8,5.6,10.5836,11.19,0.94,13.0552,13.65,11.4459,12.2482,13.1657,16.2301,14.6525,16.0967,20.6493
2026-02-17 20:10:00+00:00,346.0,7.1,11.6051,12.27,0.92,14.1551,14.8,11.4522,12.2482,13.1657,16.2301,14.6525,16.0967,20.6493
2026-02-17 20:20:00+00:00,356.3,4.2,11.1511,11.79,0.99,13.4091,14.02,11.3939,12.2482,13.1657,16.2301,14.6525,16.0967,20.6493
2026-02-17 20:30:00+00:00,353.8,4.1,11.3497,12.0,1.09,13.6291,14.25,11.2441,11.624,13.1657,16.2301,14.1743,16.0967,20.6493
2026-02-17 20:40:00+00:00,358.1,3.4,11.6429,12.31,0.72,13.39,14.0,11.3261,11.6429,13.1657,16.2301,14.1551,16.0967,20.6493
2026-02-17 20:50:00+00:00,353.4,3.5,11.0754,11.71,0.96,13.1509,13.75,11.2346,11.6429,13.1657,16.2301,14.1551,16.0967,20.6493
2026-02-17 21:00:00+00:00,355.7,4.5,11.7186,12.39,1.13,14.8725,15.55,11.4238,11.7186,13.1657,16.2301,14.8725,16.0967,20.6493
2026-02-17 21:10:00+00:00,355.7,4.6,12.0118,12.7,1.13,14.9107,15.59,11.4916,12.0118,13.1657,16.2301,14.9107,16.0967,20.6493
2026-02-17 21:20:00+00:00,355.9,4.8,10.9809,11.61,0.84,12.9787,13.57,11.4632,12.0118,13.1657,16.2301,14.9107,16.0967,20.6493
2026-02-17 21:30:00+00:00,359.9,4.8,10.7444,11.36,0.99,12.8735,13.46,11.3623,12.0118,13.1657,16.2301,14.9107,16.068,20.6493
2026-02-17 21:40:00+00:00,4.7,4.2,10.3188,10.91,0.72,11.9267,12.47,11.1416,12.0118,13.1657,15.5775,14.9107,16.068,18.9373
2026-02-17 21:50:00+00:00,9.8,4.8,10.0445,10.62,1.05,12.1275,12.68,10.9698,12.0118,13.1657,13.5535,14.9107,16.068,17.7704
2026-02-17 22:00:00+00:00,5.9,5.3,9.25948,9.79,0.8,11.1233,11.63,10.56,12.0118,12.2482,13.5535,14.9107,15.4176,17.7704
2026-02-17 22:10:00+00:00,0.5,6.9,9.00411,9.52,0.88,10.8459,11.34,10.0587,10.9809,12.2482,13.5535,12.9787,14.9107,17.7704
2026-02-17 22:20:00+00:00,6.0,8.7,8.92845,9.44,0.78,11.0181,11.52,9.71662,10.7444,12.2482,13.5535,12.8735,14.9107,17.7704
2026-02-17 22:30:00+00:00,357.8,8.6,9.33514,9.87,0.96,11.8501,12.39,9.48175,10.3188,12.2482,13.5535,12.1275,14.9107,17.7704
2026-02-17 22:40:00+00:00,0.0,13.2,9.1649,9.69,0.72,10.9224,11.42,9.28943,10.0445,12.0118,13.5535,12.1275,14.9107,17.7704
2026-02-17 22:50:00+00:00,10.2,6.9,8.44608,8.93,0.74,9.84165,10.29,9.02303,9.33514,12.0118,13.5535,11.8501,14.9107,17.7704
2026-02-17 23:00:00+00:00,0.0,7.4,8.71091,9.21,0.8,10.645,11.13,8.9316,9.33514,12.0118,13.1657,11.8501,14.9107,16.0967
2026-02-17 23:10:00+00:00,345.3,4.8,9.00411,9.52,0.76,10.9607,11.46,8.9316,9.33514,12.0118,13.1657,11.8501,14.9107,16.0967
2026-02-17 23:20:00+00:00,342.4,5.7,8.34204,8.82,0.63,10.4346,10.91,8.83387,9.33514,12.0118,13.1657,11.8501,14.9107,16.0967
2026-02-17 23:30:00+00:00,0.1,8.9,7.60431,8.04,0.8,9.3443,9.77,8.54539,9.1649,12.0118,13.1657,10.9607,14.9107,16.0967
2026-02-17 23:40:00+00:00,355.9,8.4,7.33003,7.75,0.51,8.69393,9.09,8.23958,9.00411,12.0118,13.1657,10.9607,14.9107,16.0967
2026-02-17 23:50:00+00:00,3.5,10.7,8.44608,8.93,0.51,9.82252,10.27,8.23958,9.00411,12.0118,13.1657,10.9607,14.9107,16.0967
2026-02-18 00:00:00+00:00,9.0,5.5,8.48392,8.97,0.74,10.1381,10.6,8.20175,9.00411,12.0118,13.1657,10.9607,14.9107,16.0967
2026-02-18 00:10:00+00:00,13.7,6.1,8.71091,9.21,0.51,9.91816,10.37,8.15288,8.71091,12.0118,13.1657,10.4346,14.9107,16.0967
2026-02-18 00:20:00+00:00,16.3,6.0,7.75564,8.2,0.99,9.97555,10.43,8.05515,8.71091,10.9809,13.1657,10.1381,12.9787,16.0967
2026-02-18 00:30:00+00:00,10.2,5.5,7.38678,7.81,0.63,9.36343,9.79,8.01889,8.71091,10.7444,13.1657,10.1381,12.8735,16.068
2026-02-18 00:40:00+00:00,7.2,5.1,7.80293,8.25,0.55,9.12432,9.54,8.09771,8.71091,10.3188,13.1657,10.1381,12.1275,16.068
2026-02-18 00:50:00+00:00,18.4,7.9,7.49082,7.92,0.61,8.75132,9.15,7.9385,8.71091,10.0445,13.1657,10.1381,12.1275,16.068
2026-02-18 01:00:00+00:00,24.7,4.8,7.73673,8.18,0.7,9.56428,10.0,7.81397,8.71091,9.33514,12.2482,9.97555,11.8501,15.4176
2026-02-18 01:10:00+00:00,24.8,7.5,7.52865,7.96,0.76,9.99467,10.45,7.61692,7.80293,9.33514,12.2482,9.99467,11.8501,14.9107
2026-02-18 01:20:00+00:00,23.2,6.3,6.68688,7.07,0.96,8.6748,9.07,7.4388,7.80293,9.33514,12.2482,9.99467,11.8501,14.9107
2026-02-18 01:30:00+00:00,24.8,5.9,7.01791,7.42,1.13,9.22953,9.65,7.37732,7.80293,9.33514,12.2482,9.99467,11.8501,14.9107
2026-02-18 01:40:00+00:00,31.5,6.1,7.05574,7.46,0.72,9.19127,9.61,7.25279,7.73673,9.1649,12.0118,9.99467,10.9607,14.9107
2026-02-18 01:50:00+00:00,36.3,5.6,5.84511,6.18,0.72,7.72794,8.08,6.9785,7.73673,9.00411,12.0118,9.99467,10.9607,14.9107
2026-02-18 02:00:00+00:00,37.8,6.2,4.99388,5.28,0.55,6.35068,6.64,6.52136,7.52865,9.00411,12.0118,9.99467,10.9607,14.9107
2026-02-18 02:10:00+00:00,44.1,6.2,5.51407,5.83,0.61,6.8002,7.11,6.1856,7.05574,9.00411,12.0118,9.22953,10.9607,14.9107
2026-02-18 02:20:00+00:00,45.3,5.3,6.10047,6.45,0.49,7.13495,7.46,6.08786,7.05574,8.71091,12.0118,9.22953,10.4346,14.9107
2026-02-18 02:30:00+00:00,48.2,5.9,5.51407,5.83,0.47,6.59935,6.9,5.83722,7.05574,8.71091,12.0118,9.19127,10.1381,14.9107
2026-02-18 02:40:00+00:00,47.6,8.5,5.47624,5.79,0.51,6.72369,7.03,5.57397,6.10047,8.71091,12.0118,7.72794,10.1381,14.9107
2026-02-18 02:50:00+00:00,53.1,5.6,6.21397,6.57,0.57,7.78533,8.14,5.63545,6.21397,8.71091,12.0118,7.78533,10.1381,14.9107
2026-02-18 03:00:00+00:00,54.6,5.1,6.55446,6.93,0.61,7.86184,8.22,5.89555,6.55446,8.71091,12.0118,7.86184,10.1381,14.9107
2026-02-18 03:10:00+00:00,51.5,6.1,6.61121,6.99,0.57,8.0053,8.37,6.07841,6.61121,8.71091,12.0118,8.0053,9.99467,14.9107
2026-02-18 03:20:00+00:00,56.9,5.8,5.23979,5.54,0.43,6.62805,6.93,5.93496,6.61121,7.80293,10.9809,8.0053,9.99467,12.9787
2026-02-18 03:30:00+00:00,63.7,5.5,5.03171,5.32,0.49,6.59935,6.9,5.85456,6.61121,7.80293,10.7444,8.0053,9.99467,12.8735
2026-02-18 03:40:00+00:00,67.6,5.6,4.50206,4.76,0.47,5.87247,6.14,5.6922,6.61121,7.80293,10.3188,8.0053,9.99467,12.1275
2026-02-18 03:50:00+00:00,66.3,6.1,4.5588,4.82,0.53,5.81508,6.08,5.41634,6.61121,7.73673,10.0445,8.0053,9.99467,12.1275
2026-02-18 04:00:00+00:00,60.9,5.5,5.10737,5.4,0.61,6.72369,7.03,5.17516,6.61121,7.73673,9.33514,8.0053,9.99467,11.8501
2026-02-18 04:10:00+00:00,60.2,5.2,5.03171,5.32,0.57,6.4272,6.72,4.91191,5.23979,7.52865,9.33514,6.72369,9.99467,11.8501
2026-02-18 04:20:00+00:00,67.5,5.6,4.59664,4.86,0.45,5.99681,6.27,4.80472,5.10737,7.05574,9.33514,6.72369,9.22953,11.8501
2026-02-18 04:30:00+00:00,71.6,4.8,4.44531,4.7,0.45,5.8916,6.16,4.70698,5.10737,7.05574,9.33514,6.72369,9.22953,11.8501
2026-02-18 04:40:00+00:00,71.6,4.8,4.92767,5.21,0.49,6.24548,6.53,4.77792,5.10737,7.05574,9.1649,6.72369,9.19127,10.9607
2026-02-18 04:50:00+00:00,68.4,5.5,4.40747,4.66,0.45,5.55685,5.81,4.7527,5.10737,6.61121,9.00411,6.72369,8.0053,10.9607
2026-02-18 05:00:00+00:00,83.9,11.7,3.95349,4.18,0.55,5.16471,5.4,4.56038,5.03171,6.61121,9.00411,6.4272,8.0053,10.9607
2026-02-18 05:10:00+00:00,106.6,14.4,2.44965,2.59,0.76,4.53347,4.74,4.13004,4.92767,6.61121,9.00411,6.24548,8.0053,10.9607
2026-02-18 05:20:00+00:00,112.7,8.5,3.19684,3.38,0.41,4.31349,4.51,3.89674,4.92767,6.61121,8.71091,6.24548,8.0053,10.4346
2026-02-18 05:30:00+00:00,113.6,6.3,3.47112,3.67,0.37,4.43783,4.64,3.73437,4.92767,6.61121,8.71091,6.24548,8.0053,10.1381
2026-02-18 05:40:00+00:00,108.2,9.2,3.49004,3.69,0.41,4.49521,4.7,3.49477,4.40747,6.61121,8.71091,5.55685,8.0053,10.1381
2026-02-18 05:50:00+00:00,99.5,6.0,3.87782,4.1,0.49,5.10733,5.34,3.40649,3.95349,6.61121,8.71091,5.16471,8.0053,10.1381
2026-02-18 06:00:00+00:00,100.5,7.6,4.50206,4.76,0.61,6.26461,6.55,3.49792,4.50206,6.61121,8.71091,6.26461,8.0053,10.1381
2026-02-18 06:10:00+00:00,93.4,7.2,5.57082,5.89,0.53,6.98193,7.3,4.01812,5.57082,6.61121,8.71091,6.98193,8.0053,9.99467
2026-02-18 06:20:00+00:00,97.9,5.8,5.88294,6.22,0.68,7.45058,7.79,4.4658,5.88294,5.88294,7.80293,7.45058,7.45058,9.99467
2026-02-18 06:30:00+00:00,102.4,6.0,5.43841,5.75,0.7,7.07757,7.4,4.79368,5.88294,5.88294,7.80293,7.45058,7.45058,9.99467
2026-02-18 06:40:00+00:00,99.3,5.7,5.73161,6.06,0.57,7.29755,7.63,5.16728,5.88294,5.88294,7.80293,7.45058,7.45058,9.99467
2026-02-18 06:50:00+00:00,94.0,4.8,6.43151,6.8,0.86,8.17746,8.55,5.59289,6.43151,6.43151,7.73673,8.17746,8.17746,9.99467
2026-02-18 07:00:00+00:00,92.2,4.3,6.48826,6.86,0.49,7.82358,8.18,5.92392,6.48826,6.48826,7.73673,8.17746,8.17746,9.99467
2026-02-18 07:10:00+00:00,91.3,4.7,6.00589,6.35,0.41,6.9628,7.28,5.99644,6.48826,6.48826,7.52865,8.17746,8.17746,9.99467
2026-02-18 07:20:00+00:00,92.1,4.4,6.15722,6.51,0.35,7.35493,7.69,6.04215,6.48826,6.48826,7.05574,8.17746,8.17746,9.22953
2026-02-18 07:30:00+00:00,95.7,4.8,6.00589,6.35,0.53,7.59404,7.94,6.13673,6.48826,6.48826,7.05574,8.17746,8.17746,9.22953
2026-02-18 07:40:00+00:00,96.7,6.5,5.27762,5.58,0.45,7.02018,7.34,6.06107,6.48826,6.48826,7.05574,8.17746,8.17746,9.19127
2026-02-18 07:50:00+00:00,97.6,6.1,5.45732,5.77,0.45,6.74282,7.05,5.8987,6.48826,6.48826,6.61121,7.82358,8.17746,8.17746
2026-02-18 08:00:00+00:00,95.8,5.3,6.50717,6.88,0.59,8.17746,8.55,5.90185,6.50717,6.50717,6.61121,8.17746,8.17746,8.17746
2026-02-18 08:10:00+00:00,100.4,5.2,6.5923,6.97,0.51,8.10095,8.47,5.99959,6.5923,6.5923,6.61121,8.17746,8.17746,8.17746
2026-02-18 08:20:00+00:00,109.9,6.6,5.41949,5.73,0.53,6.94367,7.26,5.87663,6.5923,6.5923,6.61121,8.17746,8.17746,8.17746
2026-02-18 08:30:00+00:00,115.6,6.0,5.61811,5.94,0.59,7.21147,7.54,5.812,6.5923,6.5923,6.61121,8.17746,8.17746,8.17746
2026-02-18 08:40:00+00:00,113.2,6.3,5.88294,6.22,0.78,8.12008,8.49,5.91289,6.5923,6.5923,6.61121,8.17746,8.17746,8.17746
2026-02-18 08:50:00+00:00,109.9,6.0,6.74363,7.13,0.8,8.8087,9.21,6.12727,6.74363,6.74363,6.74363,8.8087,8.8087,8.8087
2026-02-18 09:00:00+00:00,111.2,6.4,6.83821,7.23,0.74,8.89478,9.3,6.18245,6.83821,6.83821,6.83821,8.89478,8.89478,8.89478
2026-02-18 09:10:00+00:00,110.1,6.1,7.31111,7.73,0.76,9.43995,9.87,6.30225,7.31111,7.31111,7.31111,9.43995,9.43995,9.43995
2026-02-18 09:20:00+00:00,107.4,5.6,7.33003,7.75,0.82,10.0329,10.49,6.62067,7.33003,7.33003,7.33003,10.0329,10.0329,10.0329
2026-02-18 09:30:00+00:00,110.0,5.5,7.5854,8.02,0.78,9.46864,9.9,6.94855,7.5854,7.5854,7.5854,10.0329,10.0329,10.0329
2026-02-18 09:40:00+00:00,109.4,5.6,8.7582,9.26,0.86,10.8459,11.34,7.42776,8.7582,8.7582,8.7582,10.8459,10.8459,10.8459
2026-02-18 09:50:00+00:00,105.6,7.1,7.66106,8.1,0.72,9.56428,10.0,7.58067,8.7582,8.7582,8.7582,10.8459,10.8459,10.8459
2026-02-18 10:00:00+00:00,104.7,5.4,8.2853,8.76,0.84,10.0329,10.49,7.82185,8.7582,8.7582,8.7582,10.8459,10.8459,10.8459
2026-02-18 10:10:00+00:00,113.2,6.9,8.11505,8.58,0.72,9.8799,10.33,7.95584,8.7582,8.7582,8.7582,10.8459,10.8459,10.8459
2026-02-18 10:20:00+00:00,115.9,5.1,8.04884,8.51,0.96,10.5303,11.01,8.07564,8.7582,8.7582,8.7582,10.8459,10.8459,10.8459
2026-02-18 10:30:00+00:00,108.2,6.7,8.465,8.95,0.74,10.645,11.13,8.22224,8.7582,8.7582,8.7582,10.8459,10.8459,10.8459
2026-02-18 10:40:00+00:00,113.4,6.2,7.95426,8.41,0.88,10.1381,10.6,8.08825,8.465,8.7582,8.7582,10.645,10.8459,10.8459
2026-02-18 10:50:00+00:00,117.6,7.8,7.75564,8.2,0.84,9.58341,10.02,8.10402,8.465,8.7582,8.7582,10.645,10.8459,10.8459
2026-02-18 11:00:00+00:00,116.2,6.9,8.15288,8.62,0.8,10.6068,11.09,8.08195,8.465,8.7582,8.7582,10.645,10.8459,10.8459
2026-02-18 11:10:00+00:00,118.5,10.4,7.56648,8.0,0.74,9.22953,9.65,7.99052,8.465,8.7582,8.7582,10.645,10.8459,10.8459
2026-02-18 11:20:00+00:00,119.5,10.3,8.06776,8.53,0.76,9.73644,10.18,7.99367,8.465,8.7582,8.7582,10.645,10.8459,10.8459
2026-02-18 11:30:00+00:00,113.2,6.3,8.20963,8.68,0.76,9.80339,10.25,7.95111,8.20963,8.7582,8.7582,10.6068,10.8459,10.8459
2026-02-18 11:40:00+00:00,124.2,7.6,7.62323,8.06,0.72,9.5069,9.94,7.89594,8.20963,8.7582,8.7582,10.6068,10.8459,10.8459
2026-02-18 11:50:00+00:00,136.1,7.8,8.54066,9.03,1.15,10.645,11.13,8.02677,8.54066,8.7582,8.7582,10.645,10.8459,10.8459
2026-02-18 12:00:00+00:00,121.5,8.8,7.42461,7.85,0.86,9.43995,9.87,7.9054,8.54066,8.7582,8.7582,10.645,10.8459,10.8459
2026-02-18 12:10:00+00:00,128.0,10.4,7.60431,8.04,1.23,9.91816,10.37,7.9117,8.54066,8.7582,8.7582,10.645,10.8459,10.8459
2026-02-18 12:20:00+00:00,133.5,5.6,8.02993,8.49,0.92,10.0521,10.51,7.9054,8.54066,8.7582,8.7582,10.645,10.8459,10.8459
2026-02-18 12:30:00+00:00,116.0,9.3,7.60431,8.04,0.84,10.5303,11.01,7.80451,8.54066,8.7582,8.7582,10.645,10.8459,10.8459
2026-02-18 12:40:00+00:00,121.3,7.1,7.89751,8.35,0.94,10.272,10.74,7.85022,8.54066,8.7582,8.7582,10.645,10.8459,10.8459
2026-02-18 12:50:00+00:00,109.8,9.4,7.62323,8.06,0.9,9.75557,10.2,7.69732,8.02993,8.54066,8.7582,10.5303,10.645,10.8459
2026-02-18 13:00:00+00:00,100.5,6.2,8.465,8.95,0.7,9.99467,10.45,7.87072,8.465,8.54066,8.7582,10.5303,10.645,10.8459
2026-02-18 13:10:00+00:00,103.2,3.9,9.08923,9.61,0.7,10.6259,11.11,8.1182,9.08923,9.08923,9.08923,10.6259,10.645,10.8459
2026-02-18 13:20:00+00:00,110.4,4.9,8.61633,9.11,0.88,11.3145,11.83,8.21594,9.08923,9.08923,9.08923,11.3145,11.3145,11.3145
2026-02-18 13:30:00+00:00,102.6,6.4,9.62835,10.18,1.07,11.7736,12.31,8.55328,9.62835,9.62835,9.62835,11.7736,11.7736,11.7736
2026-02-18 13:40:00+00:00,105.3,6.0,10.0067,10.58,0.82,11.9649,12.51,8.9048,10.0067,10.0067,10.0067,11.9649,11.9649,11.9649
2026-02-18 13:50:00+00:00,103.9,4.5,9.62835,10.18,1.05,11.9075,12.45,9.23899,10.0067,10.0067,10.0067,11.9649,11.9649,11.9649
2026-02-18 14:00:00+00:00,100.5,5.0,9.38244,9.92,0.92,11.4006,11.92,9.39189,10.0067,10.0067,10.0067,11.9649,11.9649,11.9649
2026-02-18 14:10:00+00:00,110.6,4.8,9.82697,10.39,0.84,11.678,12.21,9.51485,10.0067,10.0067,10.0067,11.9649,11.9649,11.9649
2026-02-18 14:20:00+00:00,102.1,6.6,10.5079,11.11,0.74,12.2232,12.78,9.83012,10.5079,10.5079,10.5079,12.2232,12.2232,12.2232
2026-02-18 14:30:00+00:00,102.4,6.0,10.158,10.74,0.99,12.4623,13.03,9.9184,10.5079,10.5079,10.5079,12.4623,12.4623,12.4623
2026-02-18 14:40:00+00:00,98.4,4.8,10.0823,10.66,0.82,12.1466,12.7,9.93101,10.5079,10.5079,10.5079,12.4623,12.4623,12.4623
2026-02-18 14:50:00+00:00,101.3,4.9,10.6309,11.24,0.82,12.644,13.22,10.0981,10.6309,10.6309,10.6309,12.644,12.644,12.644
2026-02-18 15:00:00+00:00,103.4,7.6,9.71347,10.27,0.8,11.9936,12.54,10.1533,10.6309,10.6309,10.6309,12.644,12.644,12.644
2026-02-18 15:10:00+00:00,104.7,6.2,9.49593,10.04,0.99,11.8884,12.43,10.0981,10.6309,10.6309,10.6309,12.644,12.644,12.644
2026-02-18 15:20:00+00:00,105.7,6.4,9.29731,9.83,1.09,12.5005,13.07,9.89633,10.6309,10.6309,10.6309,12.644,12.644,12.644
2026-02-18 15:30:00+00:00,104.6,7.1,9.71347,10.27,1.01,12.2614,12.82,9.82224,10.6309,10.6309,10.6309,12.644,12.644,12.644
2026-02-18 15:40:00+00:00,106.8,7.3,9.02303,9.54,0.78,12.0893,12.64,9.64569,10.6309,10.6309,10.6309,12.644,12.644,12.644
2026-02-18 15:50:00+00:00,105.4,6.4,9.38244,9.92,0.99,13.5908,14.21,9.43761,9.71347,10.6309,10.6309,13.5908,13.5908,13.5908
2026-02-18 16:00:00+00:00,102.9,6.3,9.22165,9.75,0.84,12.5579,13.13,9.35564,9.71347,10.6309,10.6309,13.5908,13.5908,13.5908
2026-02-18 16:10:00+00:00,104.3,5.3,9.69455,10.25,1.15,12.7205,13.3,9.38874,9.71347,10.6309,10.6309,13.5908,13.5908,13.5908
2026-02-18 16:20:00+00:00,104.5,6.7,10.3377,10.93,1.19,13.5048,14.12,9.56214,10.3377,10.6309,10.6309,13.5908,13.5908,13.5908
2026-02-18 16:30:00+00:00,105.2,5.7,11.3119,11.96,1.15,14.5951,15.26,9.82854,11.3119,11.3119,11.3119,14.5951,14.5951,14.5951
2026-02-18 16:40:00+00:00,103.8,5.6,11.6997,12.37,1.17,14.4325,15.09,10.2747,11.6997,11.6997,11.6997,14.5951,14.5951,14.5951
2026-02-18 16:50:00+00:00,103.1,6.6,11.3876,12.04,0.8,13.5908,14.21,10.6088,11.6997,11.6997,11.6997,14.5951,14.5951,14.5951
2026-02-18 17:00:00+00:00,103.4,5.8,11.1889,11.83,1.19,14.8916,15.57,10.9367,11.6997,11.6997,11.6997,14.8916,14.8916,14.8916
2026-02-18 17:10:00+00:00,106.1,5.9,11.9929,12.68,1.25,15.0637,15.75,11.3198,11.9929,11.9929,11.9929,15.0637,15.0637,15.0637
2026-02-18 17:20:00+00:00,105.3,5.5,11.6997,12.37,1.09,14.5568,15.22,11.5468,11.9929,11.9929,11.9929,15.0637,15.0637,15.0637
2026-02-18 17:30:00+00:00,103.1,5.9,11.1133,11.75,0.99,14.0786,14.72,11.5137,11.9929,11.9929,11.9929,15.0637,15.0637,15.0637
2026-02-18 17:40:00+00:00,104.1,5.6,11.9361,12.62,1.19,14.8055,15.48,11.5531,11.9929,11.9929,11.9929,15.0637,15.0637,15.0637
2026-02-18 17:50:00+00:00,102.8,5.7,12.4374,13.15,1.09,15.3602,16.06,11.728,12.4374,12.4374,12.4374,15.3602,15.3602,15.3602
2026-02-18 18:00:00+00:00,104.8,5.2,11.7564,12.43,1.07,14.5186,15.18,11.8226,12.4374,12.4374,12.4374,15.3602,15.3602,15.3602
2026-02-18 18:10:00+00:00,105.5,5.4,12.6171,13.34,1.27,16.8044,17.57,11.9267,12.6171,12.6171,12.6171,16.8044,16.8044,16.8044
2026-02-18 18:20:00+00:00,107.2,5.6,12.4185,13.13,1.23,15.8576,16.58,12.0465,12.6171,12.6171,12.6171,16.8044,16.8044,16.8044
2026-02-18 18:30:00+00:00,107.6,5.0,12.8914,13.63,1.27,16.4314,17.18,12.3428,12.8914,12.8914,12.8914,16.8044,16.8044,16.8044
2026-02-18 18:40:00+00:00,110.4,5.6,12.4185,13.13,1.36,15.9532,16.68,12.4232,12.8914,12.8914,12.8914,16.8044,16.8044,16.8044
2026-02-18 18:50:00+00:00,107.6,5.4,12.3807,13.09,1.05,15.169,15.86,12.4138,12.8914,12.8914,12.8914,16.8044,16.8044,16.8044
2026-02-18 19:00:00+00:00,106.0,5.6,12.4563,13.17,1.25,16.3645,17.11,12.5304,12.8914,12.8914,12.8914,16.8044,16.8044,16.8044
2026-02-18 19:10:00+00:00,107.0,4.8,12.1915,12.89,1.42,15.8385,16.56,12.4595,12.8914,12.8914,12.8914,16.4314,16.8044,16.8044
2026-02-18 19:20:00+00:00,107.6,5.7,11.9929,12.68,1.19,15.3029,16.0,12.3885,12.8914,12.8914,12.8914,16.4314,16.8044,16.8044
2026-02-18 19:30:00+00:00,107.4,5.6,11.5862,12.25,1.15,14.6716,15.34,12.171,12.4563,12.8914,12.8914,16.3645,16.8044,16.8044
2026-02-18 19:40:00+00:00,106.0,5.4,11.3497,12.0,1.01,13.5239,14.14,11.9929,12.4563,12.8914,12.8914,16.3645,16.8044,16.8044
2026-02-18 19:50:00+00:00,106.2,5.7,11.8132,12.49,1.29,15.3602,16.06,11.8983,12.4563,12.8914,12.8914,16.3645,16.8044,16.8044
2026-02-18 20:00:00+00:00,105.7,5.0,11.7186,12.39,1.36,15.3411,16.04,11.7753,12.1915,12.8914,12.8914,15.8385,16.8044,16.8044
2026-02-18 20:10:00+00:00,104.8,6.1,11.9361,12.62,1.32,15.2263,15.92,11.7328,11.9929,12.8914,12.8914,15.3602,16.8044,16.8044
2026-02-18 20:20:00+00:00,104.1,5.4,12.1253,12.82,1.17,15.0255,15.71,11.7548,12.1253,12.8914,12.8914,15.3602,16.8044,16.8044
2026-02-18 20:30:00+00:00,102.4,5.4,11.52,12.18,0.96,14.0595,14.7,11.7438,12.1253,12.8914,12.8914,15.3602,16.8044,16.8044
2026-02-18 20:40:00+00:00,102.6,5.0,11.974,12.66,1.19,14.8342,15.51,11.8478,12.1253,12.8914,12.8914,15.3602,16.8044,16.8044
2026-02-18 20:50:00+00:00,102.6,5.6,11.8605,12.54,1.05,14.1551,14.8,11.8557,12.1253,12.8914,12.8914,15.3411,16.8044,16.8044
2026-02-18 21:00:00+00:00,102.4,4.8,11.6997,12.37,1.09,14.7099,15.38,11.8526,12.1253,12.8914,12.8914,15.2263,16.8044,16.8044
2026-02-18 21:10:00+00:00,102.8,4.9,11.8794,12.56,1.01,14.2412,14.89,11.8431,12.1253,12.8914,12.8914,15.0255,16.8044,16.8044
2026-02-18 21:20:00+00:00,102.4,4.6,12.1253,12.82,0.99,14.9872,15.67,11.8431,12.1253,12.8914,12.8914,14.9872,16.4314,16.8044
2026-02-18 21:30:00+00:00,101.8,5.2,12.4185,13.13,1.09,15.4654,16.17,11.9929,12.4185,12.8914,12.8914,15.4654,16.4314,16.8044
2026-02-18 21:40:00+00:00,101.9,5.2,12.6171,13.34,0.94,15.6376,16.35,12.1001,12.6171,12.6171,12.8914,15.6376,16.3645,16.8044
2026-02-18 21:50:00+00:00,100.9,5.0,12.1915,12.89,1.07,14.9298,15.61,12.1552,12.6171,12.6171,12.8914,15.6376,16.3645,16.8044
2026-02-18 22:00:00+00:00,96.7,5.1,11.8983,12.58,0.96,14.3177,14.97,12.1883,12.6171,12.6171,12.8914,15.6376,16.3645,16.8044
2026-02-18 22:10:00+00:00,94.1,4.7,12.2672,12.97,1.07,14.9107,15.59,12.253,12.6171,12.6171,12.8914,15.6376,15.8385,16.8044
2026-02-18 22:20:00+00:00,96.7,5.2,11.9172,12.6,1.01,14.5951,15.26,12.2183,12.6171,12.6171,12.8914,15.6376,15.6376,16.8044
2026-02-18 22:30:00+00:00,97.5,5.6,11.3119,11.96,1.21,14.576,15.24,12.0339,12.6171,12.6171,12.8914,15.6376,15.6376,16.8044
2026-02-18 22:40:00+00:00,96.5,4.6,12.4563,13.17,1.03,15.322,16.02,12.0071,12.4563,12.6171,12.8914,15.322,15.6376,16.8044
2026-02-18 22:50:00+00:00,95.2,4.5,12.4185,13.13,1.07,15.0064,15.69,12.0449,12.4563,12.6171,12.8914,15.322,15.6376,16.8044
2026-02-18 23:00:00+00:00,95.1,5.3,12.636,13.36,0.92,15.0829,15.77,12.1678,12.636,12.636,12.8914,15.322,15.6376,16.8044
2026-02-18 23:10:00+00:00,96.6,5.9,12.3807,13.09,1.13,15.542,16.25,12.1868,12.636,12.636,12.8914,15.542,15.6376,16.8044
2026-02-18 23:20:00+00:00,94.8,5.0,12.0307,12.72,0.92,14.2412,14.89,12.2057,12.636,12.636,12.8914,15.542,15.6376,16.8044
2026-02-18 23:30:00+00:00,98.0,5.6,12.0118,12.7,1.01,15.322,16.02,12.3223,12.636,12.636,12.8914,15.542,15.6376,16.8044
2026-02-18 23:40:00+00:00,96.8,5.7,12.0685,12.76,1.42,15.695,16.41,12.2577,12.636,12.636,12.8914,15.695,15.695,16.8044
2026-02-18 23:50:00+00:00,97.7,5.2,12.3996,13.11,1.11,15.2455,15.94,12.2545,12.636,12.636,12.8914,15.695,15.695,16.8044
2026-02-19 00:00:00+00:00,97.9,5.8,12.5982,13.32,1.25,16.1541,16.89,12.2482,12.5982,12.636,12.8914,16.1541,16.1541,16.8044
2026-02-19 00:10:00+00:00,100.2,4.8,12.6928,13.42,1.03,15.3029,16.0,12.3003,12.6928,12.6928,12.8914,16.1541,16.1541,16.8044
2026-02-19 00:20:00+00:00,99.5,5.3,13.0616,13.81,0.94,15.4176,16.12,12.4721,13.0616,13.0616,13.0616,16.1541,16.1541,16.4314
2026-02-19 00:30:00+00:00,98.8,5.1,12.7495,13.48,1.27,15.8193,16.54,12.595,13.0616,13.0616,13.0616,16.1541,16.1541,16.4314
2026-02-19 00:40:00+00:00,98.6,5.3,13.5345,14.31,1.36,17.2922,18.08,12.8394,13.5345,13.5345,13.5345,17.2922,17.2922,17.2922
2026-02-19 00:50:00+00:00,99.4,4.7,13.6102,14.39,1.25,16.9001,17.67,13.0411,13.6102,13.6102,13.6102,17.2922,17.2922,17.2922
2026-02-19 01:00:00+00:00,99.9,5.3,12.8536,13.59,1.01,15.5802,16.29,13.0837,13.6102,13.6102,13.6102,17.2922,17.2922,17.2922
2026-02-19 01:10:00+00:00,99.8,4.8,12.7684,13.5,1.11,15.3985,16.1,13.0963,13.6102,13.6102,13.6102,17.2922,17.2922,17.2922
2026-02-19 01:20:00+00:00,99.3,4.9,13.1089,13.86,1.29,16.4314,17.18,13.1042,13.6102,13.6102,13.6102,17.2922,17.2922,17.2922
2026-02-19 01:30:00+00:00,100.8,5.0,12.9671,13.71,0.92,15.2263,15.92,13.1405,13.6102,13.6102,13.6102,17.2922,17.2922,17.2922
2026-02-19 01:40:00+00:00,101.6,5.8,12.7968,13.53,1.07,15.6567,16.37,13.0175,13.6102,13.6102,13.6102,16.9001,17.2922,17.2922
2026-02-19 01:50:00+00:00,100.5,5.7,12.3617,13.07,1.13,15.8767,16.6,12.8094,13.1089,13.6102,13.6102,16.4314,17.2922,17.2922
2026-02-19 02:00:00+00:00,100.0,5.2,12.7117,13.44,1.32,16.2115,16.95,12.7858,13.1089,13.6102,13.6102,16.4314,17.2922,17.2922
2026-02-19 02:10:00+00:00,100.8,5.0,12.8157,13.55,1.25,16.4697,17.22,12.7937,13.1089,13.6102,13.6102,16.4697,17.2922,17.2922
2026-02-19 02:20:00+00:00,99.3,4.9,12.5414,13.26,1.05,16.3071,17.05,12.6991,12.9671,13.6102,13.6102,16.4697,17.2922,17.2922
2026-02-19 02:30:00+00:00,100.7,5.3,12.5414,13.26,1.17,15.6185,16.33,12.6281,12.8157,13.6102,13.6102,16.4697,17.2922,17.2922
2026-02-19 02:40:00+00:00,101.0,5.3,12.1915,12.89,1.19,15.6759,16.39,12.5273,12.8157,13.6102,13.6102,16.4697,17.2922,17.2922
2026-02-19 02:50:00+00:00,100.0,5.2,12.9481,13.69,1.19,16.068,16.8,12.625,12.9481,13.6102,13.6102,16.4697,17.2922,17.2922
2026-02-19 03:00:00+00:00,100.6,5.3,13.0616,13.81,1.25,16.5653,17.32,12.6833,13.0616,13.6102,13.6102,16.5653,17.2922,17.2922
2026-02-19 03:10:00+00:00,101.5,5.2,12.5225,13.24,1.13,15.102,15.79,12.6344,13.0616,13.6102,13.6102,16.5653,17.2922,17.2922
2026-02-19 03:20:00+00:00,101.2,5.8,12.5414,13.26,1.17,15.5228,16.23,12.6344,13.0616,13.6102,13.6102,16.5653,17.2922,17.2922
2026-02-19 03:30:00+00:00,102.8,5.8,11.17,11.81,1.34,14.3751,15.03,12.4059,13.0616,13.6102,13.6102,16.5653,17.2922,17.2922
2026-02-19 03:40:00+00:00,101.8,5.9,12.2293,12.93,1.11,15.4176,16.12,12.4122,13.0616,13.6102,13.6102,16.5653,17.2922,17.2922
2026-02-19 03:50:00+00:00,100.1,5.0,12.305,13.01,1.09,15.3411,16.04,12.305,13.0616,13.6102,13.6102,16.5653,16.9001,17.2922
2026-02-19 04:00:00+00:00,101.7,5.5,11.8605,12.54,1.29,15.2455,15.94,12.1048,12.5414,13.1089,13.6102,15.5228,16.5653,17.2922
2026-02-19 04:10:00+00:00,104.0,5.1,11.8794,12.56,1.13,15.1498,15.84,11.9976,12.5414,13.1089,13.6102,15.5228,16.5653,17.2922
2026-02-19 04:20:00+00:00,103.8,6.4,10.7255,11.34,1.15,13.8204,14.45,11.6949,12.305,13.1089,13.6102,15.4176,16.5653,17.2922
2026-02-19 04:30:00+00:00,103.4,5.2,11.9172,12.6,1.07,15.3029,16.0,11.8195,12.305,13.0616,13.6102,15.4176,16.5653,17.2922
2026-02-19 04:40:00+00:00,104.7,5.4,11.3876,12.04,1.23,14.8055,15.48,11.6792,12.305,13.0616,13.6102,15.3411,16.5653,17.2922
2026-02-19 04:50:00+00:00,104.8,5.9,11.6997,12.37,1.29,15.7811,16.5,11.5783,11.9172,13.0616,13.6102,15.7811,16.5653,17.2922
2026-02-19 05:00:00+00:00,103.1,5.3,11.4443,12.1,1.19,15.1211,15.81,11.5089,11.9172,13.0616,13.6102,15.7811,16.5653,17.2922
2026-02-19 05:10:00+00:00,106.0,5.6,11.2741,11.92,1.21,14.203,14.85,11.408,11.9172,13.0616,13.6102,15.7811,16.5653,17.2922
2026-02-19 05:20:00+00:00,103.9,6.1,10.9998,11.63,1.36,15.1211,15.81,11.4538,11.9172,13.0616,13.6102,15.7811,16.5653,17.2922
2026-02-19 05:30:00+00:00,102.0,5.4,11.1322,11.77,1.42,14.2603,14.91,11.3229,11.6997,13.0616,13.6102,15.7811,16.5653,17.2922
2026-02-19 05:40:00+00:00,101.0,5.5,11.4065,12.06,1.09,14.2795,14.93,11.3261,11.6997,13.0616,13.6102,15.7811,16.5653,17.2922
2026-02-19 05:50:00+00:00,102.7,6.0,11.1133,11.75,1.11,14.8533,15.53,11.2283,11.4443,13.0616,13.6102,15.1211,16.5653,17.2922
2026-02-19 06:00:00+00:00,105.0,6.0,10.839,11.46,1.29,14.0978,14.74,11.1275,11.4065,13.0616,13.6102,15.1211,16.5653,17.2922
2026-02-19 06:10:00+00:00,104.3,5.3,11.4443,12.1,1.36,15.0446,15.73,11.1558,11.4443,12.5414,13.6102,15.1211,15.7811,17.2922
2026-02-19 06:20:00+00:00,103.1,5.2,10.943,11.57,1.36,15.8193,16.54,11.1464,11.4443,12.5414,13.6102,15.8193,15.8193,17.2922
2026-02-19 06:30:00+00:00,104.5,6.7,11.1889,11.83,1.32,15.0064,15.69,11.1558,11.4443,12.305,13.6102,15.8193,15.8193,17.2922
2026-02-19 06:40:00+00:00,105.3,6.0,11.6429,12.31,1.4,15.6376,16.35,11.1952,11.6429,12.305,13.6102,15.8193,15.8193,17.2922
2026-02-19 06:50:00+00:00,102.6,5.0,10.7822,11.4,1.05,13.543,14.16,11.1401,11.6429,12.305,13.6102,15.8193,15.8193,16.9001
2026-02-19 07:00:00+00:00,103.3,6.1,10.2147,10.8,0.96,13.2083,13.81,11.036,11.6429,11.9172,13.1089,15.8193,15.8193,16.5653
2026-02-19 07:10:00+00:00,103.2,5.0,10.4701,11.07,1.09,13.2561,13.86,10.8737,11.6429,11.9172,13.1089,15.8193,15.8193,16.5653
2026-02-19 07:20:00+00:00,100.8,5.2,10.3755,10.97,0.92,13.0361,13.63,10.7791,11.6429,11.9172,13.1089,15.6376,15.8193,16.5653
2026-02-19 07:30:00+00:00,100.1,5.8,11.4632,12.12,1.25,15.169,15.86,10.8248,11.6429,11.9172,13.0616,15.6376,15.8193,16.5653
2026-02-19 07:40:00+00:00,101.0,5.3,11.3497,12.0,1.19,14.5951,15.26,10.7759,11.4632,11.6997,13.0616,15.169,15.8193,16.5653
2026-02-19 07:50:00+00:00,101.0,5.5,11.2741,11.92,1.21,14.8725,15.55,10.8579,11.4632,11.6997,13.0616,15.169,15.8193,16.5653
2026-02-19 08:00:00+00:00,101.7,5.3,11.1889,11.83,1.11,13.8204,14.45,11.0203,11.4632,11.6429,13.0616,15.169,15.8193,16.5653
2026-02-19 08:10:00+00:00,101.0,5.3,11.52,12.18,1.05,14.8533,15.53,11.1952,11.52,11.6429,13.0616,15.169,15.8193,16.5653
2026-02-19 08:20:00+00:00,100.8,5.2,11.2078,11.85,1.25,14.7673,15.44,11.334,11.52,11.6429,13.0616,15.169,15.8193,16.5653
2026-02-19 08:30:00+00:00,100.7,5.3,10.839,11.46,1.07,13.4283,14.04,11.2299,11.52,11.6429,13.0616,14.8725,15.8193,16.5653
2026-02-19 08:40:00+00:00,102.0,6.2,11.293,11.94,0.94,14.356,15.01,11.2205,11.52,11.6429,13.0616,14.8725,15.8193,16.5653
2026-02-19 08:50:00+00:00,100.3,4.6,11.7753,12.45,1.34,15.3411,16.04,11.304,11.7753,11.7753,13.0616,15.3411,15.8193,16.5653
2026-02-19 09:00:00+00:00,100.6,5.4,11.3686,12.02,1.13,15.4368,16.14,11.334,11.7753,11.7753,13.0616,15.4368,15.8193,16.5653
2026-02-19 09:10:00+00:00,101.0,5.5,11.2551,11.9,1.48,14.4134,15.07,11.2898,11.7753,11.7753,12.5414,15.4368,15.8193,15.8193
2026-02-19 09:20:00+00:00,102.0,5.6,11.2078,11.85,1.03,14.203,14.85,11.2898,11.7753,11.7753,12.5414,15.4368,15.8193,15.8193
2026-02-19 09:30:00+00:00,99.1,5.3,11.5483,12.21,1.07,14.4134,15.07,11.408,11.7753,11.7753,12.305,15.4368,15.6376,15.8193
2026-02-19 09:40:00+00:00,100.3,5.4,10.839,11.46,1.03,13.2752,13.88,11.3324,11.7753,11.7753,12.305,15.4368,15.6376,15.8193
2026-02-19 09:50:00+00:00,98.5,5.5,10.1769,10.76,1.09,13.1126,13.71,11.066,11.5483,11.7753,12.305,15.4368,15.4368,15.8193
2026-02-19 10:00:00+00:00,97.7,5.9,10.5269,11.13,0.86,12.9979,13.59,10.9257,11.5483,11.7753,11.9172,14.4134,15.4368,15.8193
2026-02-19 10:10:00+00:00,95.8,4.6,11.3876,12.04,1.19,14.1169,14.76,10.9478,11.5483,11.7753,11.9172,14.4134,15.4368,15.8193
2026-02-19 10:20:00+00:00,97.3,5.1,10.8768,11.5,0.88,13.2274,13.83,10.8926,11.5483,11.7753,11.9172,14.4134,15.4368,15.8193
2026-02-19 10:30:00+00:00,98.1,5.3,10.3377,10.93,0.94,13.4283,14.04,10.6908,11.3876,11.7753,11.9172,14.1169,15.4368,15.8193
2026-02-19 10:40:00+00:00,96.6,5.2,10.3377,10.93,1.46,13.3517,13.96,10.6073,11.3876,11.7753,11.7753,14.1169,15.4368,15.8193
2026-02-19 10:50:00+00:00,95.5,5.0,10.8201,11.44,0.96,13.543,14.16,10.7145,11.3876,11.7753,11.7753,14.1169,15.4368,15.8193
2026-02-19 11:00:00+00:00,95.4,5.2,10.5269,11.13,1.05,13.0744,13.67,10.7145,11.3876,11.7753,11.7753,14.1169,15.4368,15.8193
2026-02-19 11:10:00+00:00,96.0,5.2,11.0187,11.65,1.17,13.543,14.16,10.653,11.0187,11.7753,11.7753,13.543,15.4368,15.8193
2026-02-19 11:20:00+00:00,97.1,5.4,10.8957,11.52,1.09,13.4856,14.1,10.6561,11.0187,11.7753,11.7753,13.543,15.4368,15.8193
2026-02-19 11:30:00+00:00,95.8,4.6,10.6687,11.28,0.88,12.9596,13.55,10.7113,11.0187,11.7753,11.7753,13.543,15.4368,15.8193
2026-02-19 11:40:00+00:00,98.2,5.3,10.6687,11.28,0.88,13.0744,13.67,10.7665,11.0187,11.7753,11.7753,13.543,15.4368,15.8193
2026-02-19 11:50:00+00:00,96.5,5.4,10.2999,10.89,1.11,12.5962,13.17,10.6798,11.0187,11.7753,11.7753,13.543,15.4368,15.8193
2026-02-19 12:00:00+00:00,96.8,5.0,10.2526,10.84,1.05,12.9405,13.53,10.6341,11.0187,11.5483,11.7753,13.543,15.4368,15.8193
2026-02-19 12:10:00+00:00,95.5,5.0,11.0565,11.69,0.99,13.6291,14.25,10.6404,11.0565,11.5483,11.7753,13.6291,14.4134,15.8193
2026-02-19 12:20:00+00:00,96.1,5.0,10.6687,11.28,1.13,13.4283,14.04,10.6025,11.0565,11.5483,11.7753,13.6291,14.4134,15.8193
2026-02-19 12:30:00+00:00,96.3,4.9,10.7822,11.4,1.07,13.3326,13.94,10.6214,11.0565,11.5483,11.7753,13.6291,14.4134,15.6376
2026-02-19 12:40:00+00:00,94.6,4.3,11.1889,11.83,0.92,13.7439,14.37,10.7081,11.1889,11.3876,11.7753,13.7439,14.1169,15.6376
2026-02-19 12:50:00+00:00,93.8,5.0,10.5647,11.17,1.34,13.7439,14.37,10.7523,11.1889,11.3876,11.7753,13.7439,14.1169,15.4368
